stationId,start,end,hours,threshold,raw_min,raw_max,station,region
29996239538320865599553202177,2023-04-17 17:00:00,2023-06-22 19:00:00,1587,2.0,0.0408,1.2883,Tây Ninh Thị xã Trảng Bàng (KK),South
28602897318711027016899843809,2023-01-01 01:00:00,2023-02-15 11:00:00,1091,2.0,0.2513,1.133,Quảng Ninh Nhà máy tuyển than Nam Cầu Trắng - Hạ Long (KK),North
28599103930259709512833128161,2025-04-16 15:00:00,2025-05-21 15:00:00,841,2.0,0.0683,1.4708,Quảng Ninh Phường Cẩm Thịnh - Cẩm Phả (KK),North
28602897318711027016899843809,2023-12-06 07:00:00,2024-01-03 11:00:00,677,2.0,0.0611,0.6357,Quảng Ninh Nhà máy tuyển than Nam Cầu Trắng - Hạ Long (KK),North
28602897318711027016899843809,2023-02-15 13:00:00,2023-03-03 09:00:00,381,2.0,0.1017,0.3984,Quảng Ninh Nhà máy tuyển than Nam Cầu Trắng - Hạ Long (KK),North
29203727697074312726675247132,2023-04-19 18:00:00,2023-05-05 09:00:00,376,2.0,0.0592,1.8858,"Thái Bình xã Thái Thọ, huyện Thái Thụy (KK)",North
29996239538320865599553202177,2023-07-19 00:00:00,2023-08-03 13:00:00,374,2.0,0.1725,1.1763,Tây Ninh Thị xã Trảng Bàng (KK),South
29544533341424688633522251105,2024-03-08 12:00:00,2024-03-23 12:00:00,361,2.0,0.0053,1.2465,Gia Lai KCN Trà Đa - Tp Pleiku (KK),Central
29203727697074312726675247132,2023-12-30 00:00:00,2024-01-13 02:00:00,339,2.0,0.1518,1.6508,"Thái Bình xã Thái Thọ, huyện Thái Thụy (KK)",North
29544533341424688633522251105,2024-05-03 10:00:00,2024-05-17 07:00:00,334,2.0,0.0044,0.8741,Gia Lai KCN Trà Đa - Tp Pleiku (KK),Central
29544533341424688633522251105,2024-04-19 22:00:00,2024-05-03 08:00:00,323,2.0,0.0223,1.8088,Gia Lai KCN Trà Đa - Tp Pleiku (KK),Central
29996239538320865599553202177,2023-07-03 22:00:00,2023-07-16 22:00:00,313,2.0,0.0742,0.626,Tây Ninh Thị xã Trảng Bàng (KK),South
28602897318711027016899843809,2024-11-23 16:00:00,2024-12-05 12:00:00,285,2.0,0.0357,0.0364,Quảng Ninh Nhà máy tuyển than Nam Cầu Trắng - Hạ Long (KK),North
28602897318711027016899843809,2025-03-27 16:00:00,2025-04-08 10:00:00,283,2.0,0.0358,0.0364,Quảng Ninh Nhà máy tuyển than Nam Cầu Trắng - Hạ Long (KK),North
30991938797551443885460120607,2023-06-20 06:00:00,2023-07-01 22:00:00,281,2.0,0.0008,0.645,"Sóc Trăng Sở TNMT - 16 Hùng Vương, P.6, Tp. Sóc Trăng (KK)",South
29544533341424688633522251105,2024-04-08 06:00:00,2024-04-19 20:00:00,279,2.0,0.0368,1.9415,Gia Lai KCN Trà Đa - Tp Pleiku (KK),Central
29203727697074312726675247132,2023-12-12 00:00:00,2023-12-22 19:00:00,260,2.0,0.2146,1.8183,"Thái Bình xã Thái Thọ, huyện Thái Thụy (KK)",North
29203727697074312726675247132,2023-04-09 00:00:00,2023-04-19 15:00:00,256,2.0,0.1658,0.7633,"Thái Bình xã Thái Thọ, huyện Thái Thụy (KK)",North
29203727697074312726675247132,2024-02-10 07:00:00,2024-02-19 11:00:00,221,2.0,0.1008,1.1742,"Thái Bình xã Thái Thọ, huyện Thái Thụy (KK)",North
29203727697074312726675247132,2024-01-15 16:00:00,2024-01-24 15:00:00,216,2.0,0.1083,0.9192,"Thái Bình xã Thái Thọ, huyện Thái Thụy (KK)",North
28602897318711027016899843809,2023-08-14 12:00:00,2023-08-23 00:00:00,205,2.0,0.0575,1.6586,Quảng Ninh Nhà máy tuyển than Nam Cầu Trắng - Hạ Long (KK),North
28602897318711027016899843809,2023-11-26 22:00:00,2023-12-05 09:00:00,204,2.0,0.0584,0.8324,Quảng Ninh Nhà máy tuyển than Nam Cầu Trắng - Hạ Long (KK),North
29544533341424688633522251105,2024-03-25 00:00:00,2024-04-02 03:00:00,196,2.0,0.0107,1.4059,Gia Lai KCN Trà Đa - Tp Pleiku (KK),Central
29518872592252585279589451187,2024-01-21 23:00:00,2024-01-29 14:00:00,184,2.0,1.1619,1.9873,Quảng Ninh Km11 - Minh Thành (KK),North
28602897318711027016899843809,2024-08-30 03:00:00,2024-09-06 10:00:00,176,2.0,0.0572,0.0606,Quảng Ninh Nhà máy tuyển than Nam Cầu Trắng - Hạ Long (KK),North
28602897318711027016899843809,2024-12-24 06:00:00,2024-12-31 03:00:00,166,2.0,0.0356,0.0363,Quảng Ninh Nhà máy tuyển than Nam Cầu Trắng - Hạ Long (KK),North
29518852005686198968139908531,2024-01-23 15:00:00,2024-01-30 09:00:00,163,2.0,0.0268,1.4386,Quảng Ninh Gần KCN Cái Lân (KK),North
28602897318711027016899843809,2024-08-15 03:00:00,2024-08-21 12:00:00,154,2.0,0.0593,0.0625,Quảng Ninh Nhà máy tuyển than Nam Cầu Trắng - Hạ Long (KK),North
28602897318711027016899843809,2024-08-22 20:00:00,2024-08-29 00:00:00,149,2.0,0.0582,1.6661,Quảng Ninh Nhà máy tuyển than Nam Cầu Trắng - Hạ Long (KK),North
28602897318711027016899843809,2024-12-05 14:00:00,2024-12-11 18:00:00,149,2.0,0.0358,0.0364,Quảng Ninh Nhà máy tuyển than Nam Cầu Trắng - Hạ Long (KK),North
31616865099255512061948816121,2024-06-17 15:00:00,2024-06-23 18:00:00,148,2.0,0.0026,1.8097,Đà Nẵng Phạm Hùng (KK),Unknown
28602897318711027016899843809,2024-01-03 13:00:00,2024-01-09 09:00:00,141,2.0,0.5887,0.6281,Quảng Ninh Nhà máy tuyển than Nam Cầu Trắng - Hạ Long (KK),North
30991938797551443885460120607,2023-06-11 08:00:00,2023-06-16 18:00:00,131,2.0,0.0008,0.5675,"Sóc Trăng Sở TNMT - 16 Hùng Vương, P.6, Tp. Sóc Trăng (KK)",South
28602897318711027016899843809,2025-03-22 12:00:00,2025-03-27 14:00:00,123,2.0,0.0358,0.0364,Quảng Ninh Nhà máy tuyển than Nam Cầu Trắng - Hạ Long (KK),North
29518839738601389925132404147,2023-01-09 10:00:00,2023-01-14 07:00:00,118,2.0,0.1196,1.7509,"Quảng Ninh Trung tâm văn hóa thể thao Cẩm Phả, đường Trần Phú, phường Cẩm Trung (KK)",North
29203727697074312726675247132,2023-04-02 00:00:00,2023-04-06 18:00:00,115,2.0,0.3875,1.9333,"Thái Bình xã Thái Thọ, huyện Thái Thụy (KK)",North
29518872592252585279589451187,2023-09-13 01:00:00,2023-09-17 12:00:00,108,2.0,0.1829,1.7385,Quảng Ninh Km11 - Minh Thành (KK),North
28599103930259709512833128161,2025-10-30 07:00:00,2025-11-03 18:00:00,108,2.0,0.16,1.9733,Quảng Ninh Phường Cẩm Thịnh - Cẩm Phả (KK),North
28602897318711027016899843809,2024-12-12 21:00:00,2024-12-17 06:00:00,106,2.0,0.0358,0.0364,Quảng Ninh Nhà máy tuyển than Nam Cầu Trắng - Hạ Long (KK),North
28602897318711027016899843809,2023-11-23 00:00:00,2023-11-26 20:00:00,93,2.0,0.0583,0.0613,Quảng Ninh Nhà máy tuyển than Nam Cầu Trắng - Hạ Long (KK),North
29518872592252585279589451187,2024-02-28 11:00:00,2024-03-03 06:00:00,92,2.0,0.8432,1.9176,Quảng Ninh Km11 - Minh Thành (KK),North
28602897318711027016899843809,2023-08-04 13:00:00,2023-08-08 08:00:00,92,2.0,0.0587,0.0615,Quảng Ninh Nhà máy tuyển than Nam Cầu Trắng - Hạ Long (KK),North
28599103930259709512833128161,2025-11-18 03:00:00,2025-11-21 21:00:00,91,2.0,0.1075,1.955,Quảng Ninh Phường Cẩm Thịnh - Cẩm Phả (KK),North
29518839738601389925132404147,2023-05-11 11:00:00,2023-05-15 05:00:00,91,2.0,0.0838,1.899,"Quảng Ninh Trung tâm văn hóa thể thao Cẩm Phả, đường Trần Phú, phường Cẩm Trung (KK)",North
29518872592252585279589451187,2024-01-10 07:00:00,2024-01-13 23:00:00,89,2.0,1.1847,1.9518,Quảng Ninh Km11 - Minh Thành (KK),North
30991938797551443885460120607,2023-07-02 09:00:00,2023-07-06 00:00:00,88,2.0,0.0008,0.2833,"Sóc Trăng Sở TNMT - 16 Hùng Vương, P.6, Tp. Sóc Trăng (KK)",South
29518885338952740244749551027,2023-11-30 20:00:00,2023-12-04 07:00:00,84,2.0,0.4304,1.2095,Quảng Ninh Nhuệ Hổ - Đông Triều (KK),North
29203727697074312726675247132,2023-12-03 00:00:00,2023-12-06 11:00:00,84,2.0,0.27,1.7058,"Thái Bình xã Thái Thọ, huyện Thái Thụy (KK)",North
28602897318711027016899843809,2024-10-29 09:00:00,2024-11-01 15:00:00,79,2.0,1.2161,1.473,Quảng Ninh Nhà máy tuyển than Nam Cầu Trắng - Hạ Long (KK),North
29518839738601389925132404147,2024-04-21 00:00:00,2024-04-24 05:00:00,78,2.0,0.0082,1.8447,"Quảng Ninh Trung tâm văn hóa thể thao Cẩm Phả, đường Trần Phú, phường Cẩm Trung (KK)",North
28602897318711027016899843809,2024-12-21 01:00:00,2024-12-24 03:00:00,75,2.0,0.0357,0.0363,Quảng Ninh Nhà máy tuyển than Nam Cầu Trắng - Hạ Long (KK),North
29203727697074312726675247132,2023-03-29 04:00:00,2023-04-01 05:00:00,74,2.0,0.2017,1.0883,"Thái Bình xã Thái Thọ, huyện Thái Thụy (KK)",North
29518885338952740244749551027,2023-12-16 10:00:00,2023-12-19 10:00:00,73,2.0,0.3877,1.7777,Quảng Ninh Nhuệ Hổ - Đông Triều (KK),North
28602897318711027016899843809,2024-11-01 20:00:00,2024-11-04 17:00:00,70,2.0,1.2286,1.8647,Quảng Ninh Nhà máy tuyển than Nam Cầu Trắng - Hạ Long (KK),North
29518872592252585279589451187,2024-03-08 21:00:00,2024-03-11 17:00:00,69,2.0,0.6634,1.6079,Quảng Ninh Km11 - Minh Thành (KK),North
29518839738601389925132404147,2023-02-03 03:00:00,2023-02-05 23:00:00,69,2.0,0.0103,1.0214,"Quảng Ninh Trung tâm văn hóa thể thao Cẩm Phả, đường Trần Phú, phường Cẩm Trung (KK)",North
28602897318711027016899843809,2024-10-04 23:00:00,2024-10-07 17:00:00,67,2.0,1.161,1.6998,Quảng Ninh Nhà máy tuyển than Nam Cầu Trắng - Hạ Long (KK),North
29518872592252585279589451187,2023-12-19 00:00:00,2023-12-21 15:00:00,64,2.0,0.252,1.9375,Quảng Ninh Km11 - Minh Thành (KK),North
28602897318711027016899843809,2025-03-19 19:00:00,2025-03-22 10:00:00,64,2.0,0.0359,0.0364,Quảng Ninh Nhà máy tuyển than Nam Cầu Trắng - Hạ Long (KK),North
29203727697074312726675247132,2023-02-08 00:00:00,2023-02-10 15:00:00,64,2.0,0.8083,1.7567,"Thái Bình xã Thái Thọ, huyện Thái Thụy (KK)",North
28602897318711027016899843809,2024-10-14 05:00:00,2024-10-16 19:00:00,63,2.0,1.2226,1.2974,Quảng Ninh Nhà máy tuyển than Nam Cầu Trắng - Hạ Long (KK),North
29518839738601389925132404147,2023-03-26 23:00:00,2023-03-29 13:00:00,63,2.0,0.1452,1.546,"Quảng Ninh Trung tâm văn hóa thể thao Cẩm Phả, đường Trần Phú, phường Cẩm Trung (KK)",North
29518872592252585279589451187,2023-05-11 17:00:00,2023-05-14 06:00:00,62,2.0,0.188,1.2806,Quảng Ninh Km11 - Minh Thành (KK),North
31616865099255512061948816121,2024-06-24 08:00:00,2024-06-26 21:00:00,62,2.0,0.0006,0.0306,Đà Nẵng Phạm Hùng (KK),Unknown
28602897318711027016899843809,2025-03-16 08:00:00,2025-03-18 19:00:00,60,2.0,0.0359,0.0364,Quảng Ninh Nhà máy tuyển than Nam Cầu Trắng - Hạ Long (KK),North
29544533341424688633522251105,2023-06-30 00:00:00,2023-07-02 10:00:00,59,2.0,0.1365,1.918,Gia Lai KCN Trà Đa - Tp Pleiku (KK),Central
29518885338952740244749551027,2023-12-05 00:00:00,2023-12-07 10:00:00,59,2.0,0.3931,1.3536,Quảng Ninh Nhuệ Hổ - Đông Triều (KK),North
29518872592252585279589451187,2024-02-07 11:00:00,2024-02-09 20:00:00,58,2.0,1.189,1.9862,Quảng Ninh Km11 - Minh Thành (KK),North
29518839738601389925132404147,2023-01-15 10:00:00,2023-01-17 18:00:00,57,2.0,0.5317,1.7981,"Quảng Ninh Trung tâm văn hóa thể thao Cẩm Phả, đường Trần Phú, phường Cẩm Trung (KK)",North
29544533341424688633522251105,2024-05-17 09:00:00,2024-05-19 16:00:00,56,2.0,0.0009,0.0717,Gia Lai KCN Trà Đa - Tp Pleiku (KK),Central
29518872592252585279589451187,2023-09-03 10:00:00,2023-09-05 16:00:00,55,2.0,0.2896,1.8286,Quảng Ninh Km11 - Minh Thành (KK),North
29518872592252585279589451187,2024-01-03 11:00:00,2024-01-05 17:00:00,55,2.0,1.1593,1.9921,Quảng Ninh Km11 - Minh Thành (KK),North
28602897318711027016899843809,2025-03-14 01:00:00,2025-03-16 06:00:00,54,2.0,0.0359,0.0363,Quảng Ninh Nhà máy tuyển than Nam Cầu Trắng - Hạ Long (KK),North
29203727697074312726675247132,2024-01-13 07:00:00,2024-01-15 11:00:00,53,2.0,0.2725,1.27,"Thái Bình xã Thái Thọ, huyện Thái Thụy (KK)",North
28602897318711027016899843809,2024-10-22 10:00:00,2024-10-24 13:00:00,52,2.0,0.9512,1.9183,Quảng Ninh Nhà máy tuyển than Nam Cầu Trắng - Hạ Long (KK),North
29544533341424688633522251105,2023-06-18 00:00:00,2023-06-20 00:00:00,49,2.0,0.1672,1.8727,Gia Lai KCN Trà Đa - Tp Pleiku (KK),Central
28602897318711027016899843809,2023-07-31 10:00:00,2023-08-02 10:00:00,49,2.0,0.0573,0.0611,Quảng Ninh Nhà máy tuyển than Nam Cầu Trắng - Hạ Long (KK),North
28602897318711027016899843809,2024-11-20 05:00:00,2024-11-22 05:00:00,49,2.0,0.0358,0.0364,Quảng Ninh Nhà máy tuyển than Nam Cầu Trắng - Hạ Long (KK),North
28602897318711027016899843809,2024-03-09 19:00:00,2024-03-11 18:00:00,48,2.0,0.059,0.8518,Quảng Ninh Nhà máy tuyển than Nam Cầu Trắng - Hạ Long (KK),North
28602897318711027016899843809,2024-10-11 16:00:00,2024-10-13 15:00:00,48,2.0,1.1949,1.2458,Quảng Ninh Nhà máy tuyển than Nam Cầu Trắng - Hạ Long (KK),North
