config,station_id,station_name,region,n_rows,r2,rmse,mae
B1,28505268571336961948594948504,Phú Thọ đường Hùng Vương - Tp Việt Trì (KK),North,26296,-0.4438,25.24,20.18
B1,28505272740301122608933325208,Đà Nẵng 41 đường Lê Duẩn (KK),Central,22113,-0.3612,21.77,15.17
B1,28560877461938780203765592307,Hà Nội 556 Nguyễn Văn Cừ (KK),North,27159,0.5897,21.41,14.89
B1,28599103930259709512833128161,Quảng Ninh Phường Cẩm Thịnh - Cẩm Phả (KK),North,9022,-0.4785,9.11,6.35
B1,28602837126985114455002404577,Quảng Ninh UBND TP Uông Bí (KK),North,16539,0.0614,8.87,6.18
B1,28602897318711027016899843809,Quảng Ninh Nhà máy tuyển than Nam Cầu Trắng - Hạ Long (KK),North,17893,0.1467,7.06,5.42
B1,28916504310234840885489983032,Bắc Ninh Khu liên cơ Thuận Thành - thị trấn Hồ (KK),North,19801,-0.3357,28.48,20.5
B1,28916774462801800655608897080,Bắc Ninh UBND xã Xuân Lâm - Thuận Thành (KK),North,13609,-0.0285,46.08,29.05
B1,29098314940209976158571475636,"Trà Vinh xã Dân Thành, TX Duyên Hải (KK)",South,27858,-0.0526,6.59,3.98
B1,29098319146067624969113973428,"Trà Vinh xã Đông Hải, huyện Duyên Hải (KK)",South,16496,-1.5549,7.94,6.28
B1,29196010501691076420299004774,Bắc Ninh TT Quan trắc - phường Suối Hoa - TP Bắc Ninh (KK),North,12513,-0.2515,23.97,15.03
B1,29196021237696127337075448678,Bắc Ninh UBND xã Cao Đức - Gia Bình (KK),North,17547,-0.186,21.34,16.24
B1,29203727697074312726675247132,"Thái Bình xã Thái Thọ, huyện Thái Thụy (KK)",North,21093,-0.1226,21.73,12.49
B1,29518839738601389925132404147,"Quảng Ninh Trung tâm văn hóa thể thao Cẩm Phả, đường Trần Phú, phường Cẩm Trung (KK)",North,17297,-0.6991,9.51,8.39
B1,29518852005686198968139908531,Quảng Ninh Gần KCN Cái Lân (KK),North,14579,-0.0728,9.27,4.7
B1,29518872592252585279589451187,Quảng Ninh Km11 - Minh Thành (KK),North,16394,0.3115,10.59,6.44
B1,29518885338952740244749551027,Quảng Ninh Nhuệ Hổ - Đông Triều (KK),North,15122,-0.6345,10.63,8.11
B1,29544533341424688633522251105,Gia Lai KCN Trà Đa - Tp Pleiku (KK),Central,17840,-0.0273,13.78,8.89
B1,29996239538320865599553202177,Tây Ninh Thị xã Trảng Bàng (KK),South,21029,-0.4196,10.7,7.66
B1,30991938797551443885460120607,"Sóc Trăng Sở TNMT - 16 Hùng Vương, P.6, Tp. Sóc Trăng (KK)",South,12613,-0.5035,12.44,9.69
B1,31388836637198369136462150188,Bình Định Khuôn viên Cây xanh gần cầu chui đường Hoa Lư - TP. Quy Nhơn (KK),Central,19595,-0.1164,12.78,9.01
B1,31388839920718814259329251882,"Bình Dương số 593 Đại lộ Bình Dương, P. Hiệp Thành (KK)",South,19488,0.3564,13.46,9.79
B1,31388851800421997746903202346,Đà Nẵng Khuôn viên trường ĐH sư phạm Đà Nẵng (KK),Central,19931,0.1215,13.59,9.92
B1,31388868531618872623864101418,Hải Dương UBND TP. Hải Dương - 106 Đường Trần Hưng Đạo (KK),North,19834,0.5904,19.05,11.86
B1,31388883344354363840031242796,Hà Nam Công Viên Nam Cao - P.Quang Trung - TP. Phủ Lý (KK),North,19743,0.7393,15.43,10.2
B1,31390903576425084107499649578,Hà Nội ĐHBK cổng Parabol đường Giải Phóng (KK),North,19837,0.7593,18.22,12.91
B1,31390908889087377344742439468,Hà Nội Công viên Nhân Chính - Khuất Duy Tiến (KK),North,19443,0.711,12.62,8.96
B1,31390912357075263208060500522,HCM Khu Liên cơ quan Bộ Tài Nguyên và Môi Trường - số 20 Đ. Lý Chính Thắng (KK),South,19860,0.4356,9.4,7.34
B1,31390916083317566102523755051,HCM Đ. Lê Hữu Kiều - P. Bình Trưng Tây - Quận 2 (Ngã ba Lê Hữu Kiểu và Trương Văn Bang) (KK),South,19156,0.5127,9.53,6.47
B1,31390921469766835629621918251,Hưng Yên số 437 Nguyễn Văn Linh - Tp Hưng Yên (KK),North,19022,0.4148,27.68,19.71
B1,31390928700890512538630765099,Lâm Đồng Vườn hoa - đối diện THCS Lam Sơn - Phường 6 - TP Đà Lạt (KK),Central,18977,-0.2252,22.89,19.5
B1,31390932574706768021562473002,Long An UBND Tp Tân An - 76 Hùng Vương - P.2 (KK),South,19979,0.2623,11.26,7.44
B1,31390939012620449761949792810,Ninh Thuận Công viên (bến xe cũ) - Đ. Thống Nhất - P. Thanh Sơn - TP Phan Rang (KK),Central,14295,-0.1248,9.63,7.78
B1,31390944251495766704153049642,Quảng Nam Tiếp giáp Đ. Hùng Vương - KDC Đ. Hồ Xuân Hương (KK),Central,19205,0.1388,13.11,9.03
B1,31390951371938979254287350314,Quảng Ngãi UBND P. Nguyễn Nghiêm - TP Quảng Ngãi (KK),Central,18801,0.1273,23.28,14.55
B1,31390957404024291365397346858,Thái Bình Cầu Thái Bình - Đ. Trần Thái Tông - P. Bồ Xuyên - TP Thái Bình (KK),North,19607,0.5066,24.0,15.87
B1,31390965631272148257054013994,Vũng Tàu Đ. Huyền Trân Công Chúa - Phường 8 - TP Vũng Tàu,South,20164,0.0911,7.69,5.56
B1,31570631866920915749872483233,Bình Định huyện Tuy Phước (KK),Central,9692,0.0197,13.37,9.2
B1,31616865099255512061948816121,Đà Nẵng Phạm Hùng (KK),Unknown,13256,-1.335,17.92,15.6
B1,31651502905690497791503780869,Thái Nguyên Sân vận động Gang thép - P Trung Thành - TP Thái Nguyên (KK),North,14937,0.2878,37.22,24.36
B2,28505268571336961948594948504,Phú Thọ đường Hùng Vương - Tp Việt Trì (KK),North,26296,0.3492,16.95,12.2
B2,28505272740301122608933325208,Đà Nẵng 41 đường Lê Duẩn (KK),Central,22113,-1.0152,26.48,20.29
B2,28560877461938780203765592307,Hà Nội 556 Nguyễn Văn Cừ (KK),North,27159,0.5367,22.74,15.58
B2,28599103930259709512833128161,Quảng Ninh Phường Cẩm Thịnh - Cẩm Phả (KK),North,9022,-1.2495,11.24,8.58
B2,28602837126985114455002404577,Quảng Ninh UBND TP Uông Bí (KK),North,16539,-0.0866,9.55,6.38
B2,28602897318711027016899843809,Quảng Ninh Nhà máy tuyển than Nam Cầu Trắng - Hạ Long (KK),North,17893,-0.0005,7.65,5.88
B2,28916504310234840885489983032,Bắc Ninh Khu liên cơ Thuận Thành - thị trấn Hồ (KK),North,19801,-0.9595,34.49,26.04
B2,28916774462801800655608897080,Bắc Ninh UBND xã Xuân Lâm - Thuận Thành (KK),North,13609,-0.0409,46.35,29.06
B2,29098314940209976158571475636,"Trà Vinh xã Dân Thành, TX Duyên Hải (KK)",South,27858,-0.0445,6.56,4.2
B2,29098319146067624969113973428,"Trà Vinh xã Đông Hải, huyện Duyên Hải (KK)",South,16496,-1.8738,8.42,6.87
B2,29196010501691076420299004774,Bắc Ninh TT Quan trắc - phường Suối Hoa - TP Bắc Ninh (KK),North,12513,-1.0621,30.76,22.95
B2,29196021237696127337075448678,Bắc Ninh UBND xã Cao Đức - Gia Bình (KK),North,17547,-0.1058,20.6,13.54
B2,29203727697074312726675247132,"Thái Bình xã Thái Thọ, huyện Thái Thụy (KK)",North,21093,-0.5034,25.15,15.49
B2,29518839738601389925132404147,"Quảng Ninh Trung tâm văn hóa thể thao Cẩm Phả, đường Trần Phú, phường Cẩm Trung (KK)",North,17297,-0.6124,9.26,8.14
B2,29518852005686198968139908531,Quảng Ninh Gần KCN Cái Lân (KK),North,14579,-0.3032,10.22,6.43
B2,29518872592252585279589451187,Quảng Ninh Km11 - Minh Thành (KK),North,16394,0.3005,10.67,6.57
B2,29518885338952740244749551027,Quảng Ninh Nhuệ Hổ - Đông Triều (KK),North,15122,-1.7363,13.75,10.58
B2,29544533341424688633522251105,Gia Lai KCN Trà Đa - Tp Pleiku (KK),Central,17840,0.0479,13.27,8.3
B2,29996239538320865599553202177,Tây Ninh Thị xã Trảng Bàng (KK),South,21029,-0.7534,11.89,9.08
B2,30991938797551443885460120607,"Sóc Trăng Sở TNMT - 16 Hùng Vương, P.6, Tp. Sóc Trăng (KK)",South,12613,-0.194,11.09,7.97
B2,31388836637198369136462150188,Bình Định Khuôn viên Cây xanh gần cầu chui đường Hoa Lư - TP. Quy Nhơn (KK),Central,19595,-0.1503,12.97,9.27
B2,31388839920718814259329251882,"Bình Dương số 593 Đại lộ Bình Dương, P. Hiệp Thành (KK)",South,19488,0.2513,14.52,11.29
B2,31388851800421997746903202346,Đà Nẵng Khuôn viên trường ĐH sư phạm Đà Nẵng (KK),Central,19931,0.2477,12.57,9.22
B2,31388868531618872623864101418,Hải Dương UBND TP. Hải Dương - 106 Đường Trần Hưng Đạo (KK),North,19834,0.7257,15.59,10.43
B2,31388883344354363840031242796,Hà Nam Công Viên Nam Cao - P.Quang Trung - TP. Phủ Lý (KK),North,19743,0.7166,16.09,10.27
B2,31390903576425084107499649578,Hà Nội ĐHBK cổng Parabol đường Giải Phóng (KK),North,19837,0.758,18.27,12.15
B2,31390908889087377344742439468,Hà Nội Công viên Nhân Chính - Khuất Duy Tiến (KK),North,19443,0.1057,22.2,17.38
B2,31390912357075263208060500522,HCM Khu Liên cơ quan Bộ Tài Nguyên và Môi Trường - số 20 Đ. Lý Chính Thắng (KK),South,19860,-0.1158,13.21,10.9
B2,31390916083317566102523755051,HCM Đ. Lê Hữu Kiều - P. Bình Trưng Tây - Quận 2 (Ngã ba Lê Hữu Kiểu và Trương Văn Bang) (KK),South,19156,0.4516,10.11,7.01
B2,31390921469766835629621918251,Hưng Yên số 437 Nguyễn Văn Linh - Tp Hưng Yên (KK),North,19022,0.5808,23.43,14.62
B2,31390928700890512538630765099,Lâm Đồng Vườn hoa - đối diện THCS Lam Sơn - Phường 6 - TP Đà Lạt (KK),Central,18977,-0.0567,21.26,17.57
B2,31390932574706768021562473002,Long An UBND Tp Tân An - 76 Hùng Vương - P.2 (KK),South,19979,0.3127,10.87,8.04
B2,31390939012620449761949792810,Ninh Thuận Công viên (bến xe cũ) - Đ. Thống Nhất - P. Thanh Sơn - TP Phan Rang (KK),Central,14295,-0.3664,10.62,8.73
B2,31390944251495766704153049642,Quảng Nam Tiếp giáp Đ. Hùng Vương - KDC Đ. Hồ Xuân Hương (KK),Central,19205,0.1688,12.88,9.0
B2,31390951371938979254287350314,Quảng Ngãi UBND P. Nguyễn Nghiêm - TP Quảng Ngãi (KK),Central,18801,0.0772,23.94,14.33
B2,31390957404024291365397346858,Thái Bình Cầu Thái Bình - Đ. Trần Thái Tông - P. Bồ Xuyên - TP Thái Bình (KK),North,19607,0.5477,22.97,15.21
B2,31390965631272148257054013994,Vũng Tàu Đ. Huyền Trân Công Chúa - Phường 8 - TP Vũng Tàu,South,20164,0.1294,7.53,5.55
B2,31570631866920915749872483233,Bình Định huyện Tuy Phước (KK),Central,9692,-0.1145,14.26,10.65
B2,31616865099255512061948816121,Đà Nẵng Phạm Hùng (KK),Unknown,13256,-3.4031,24.6,21.91
B2,31651502905690497791503780869,Thái Nguyên Sân vận động Gang thép - P Trung Thành - TP Thái Nguyên (KK),North,14937,-0.5743,55.33,37.56
B3,28505268571336961948594948504,Phú Thọ đường Hùng Vương - Tp Việt Trì (KK),North,26296,0.302,17.55,12.03
B3,28505272740301122608933325208,Đà Nẵng 41 đường Lê Duẩn (KK),Central,22113,-0.6352,23.86,16.79
B3,28560877461938780203765592307,Hà Nội 556 Nguyễn Văn Cừ (KK),North,27159,0.4309,25.21,17.35
B3,28599103930259709512833128161,Quảng Ninh Phường Cẩm Thịnh - Cẩm Phả (KK),North,9022,-0.6895,9.74,7.14
B3,28602837126985114455002404577,Quảng Ninh UBND TP Uông Bí (KK),North,16539,0.0351,8.99,6.04
B3,28602897318711027016899843809,Quảng Ninh Nhà máy tuyển than Nam Cầu Trắng - Hạ Long (KK),North,17893,0.0773,7.34,5.78
B3,28916504310234840885489983032,Bắc Ninh Khu liên cơ Thuận Thành - thị trấn Hồ (KK),North,19801,0.0709,23.75,14.54
B3,28916774462801800655608897080,Bắc Ninh UBND xã Xuân Lâm - Thuận Thành (KK),North,13609,-0.083,47.28,29.36
B3,29098314940209976158571475636,"Trà Vinh xã Dân Thành, TX Duyên Hải (KK)",South,27858,-0.0406,6.55,4.37
B3,29098319146067624969113973428,"Trà Vinh xã Đông Hải, huyện Duyên Hải (KK)",South,16496,-2.659,9.5,8.14
B3,29196010501691076420299004774,Bắc Ninh TT Quan trắc - phường Suối Hoa - TP Bắc Ninh (KK),North,12513,-0.1231,22.7,14.69
B3,29196021237696127337075448678,Bắc Ninh UBND xã Cao Đức - Gia Bình (KK),North,17547,-0.1236,20.77,13.75
B3,29203727697074312726675247132,"Thái Bình xã Thái Thọ, huyện Thái Thụy (KK)",North,21093,-0.2969,23.36,14.53
B3,29518839738601389925132404147,"Quảng Ninh Trung tâm văn hóa thể thao Cẩm Phả, đường Trần Phú, phường Cẩm Trung (KK)",North,17297,-0.7979,9.78,8.45
B3,29518852005686198968139908531,Quảng Ninh Gần KCN Cái Lân (KK),North,14579,0.0108,8.9,4.19
B3,29518872592252585279589451187,Quảng Ninh Km11 - Minh Thành (KK),North,16394,0.285,10.79,7.48
B3,29518885338952740244749551027,Quảng Ninh Nhuệ Hổ - Đông Triều (KK),North,15122,-1.1579,12.21,9.2
B3,29544533341424688633522251105,Gia Lai KCN Trà Đa - Tp Pleiku (KK),Central,17840,-0.006,13.64,8.38
B3,29996239538320865599553202177,Tây Ninh Thị xã Trảng Bàng (KK),South,21029,-0.6277,11.46,8.36
B3,30991938797551443885460120607,"Sóc Trăng Sở TNMT - 16 Hùng Vương, P.6, Tp. Sóc Trăng (KK)",South,12613,-0.0735,10.51,7.41
B3,31388836637198369136462150188,Bình Định Khuôn viên Cây xanh gần cầu chui đường Hoa Lư - TP. Quy Nhơn (KK),Central,19595,-0.1703,13.08,9.47
B3,31388839920718814259329251882,"Bình Dương số 593 Đại lộ Bình Dương, P. Hiệp Thành (KK)",South,19488,0.279,14.25,10.63
B3,31388851800421997746903202346,Đà Nẵng Khuôn viên trường ĐH sư phạm Đà Nẵng (KK),Central,19931,0.0512,14.12,9.71
B3,31388868531618872623864101418,Hải Dương UBND TP. Hải Dương - 106 Đường Trần Hưng Đạo (KK),North,19834,0.7294,15.48,10.69
B3,31388883344354363840031242796,Hà Nam Công Viên Nam Cao - P.Quang Trung - TP. Phủ Lý (KK),North,19743,0.7137,16.17,10.78
B3,31390903576425084107499649578,Hà Nội ĐHBK cổng Parabol đường Giải Phóng (KK),North,19837,0.4772,26.85,16.4
B3,31390908889087377344742439468,Hà Nội Công viên Nhân Chính - Khuất Duy Tiến (KK),North,19443,0.4109,18.02,14.9
B3,31390912357075263208060500522,HCM Khu Liên cơ quan Bộ Tài Nguyên và Môi Trường - số 20 Đ. Lý Chính Thắng (KK),South,19860,0.4369,9.39,7.28
B3,31390916083317566102523755051,HCM Đ. Lê Hữu Kiều - P. Bình Trưng Tây - Quận 2 (Ngã ba Lê Hữu Kiểu và Trương Văn Bang) (KK),South,19156,0.2824,11.57,7.98
B3,31390921469766835629621918251,Hưng Yên số 437 Nguyễn Văn Linh - Tp Hưng Yên (KK),North,19022,0.6306,21.99,13.84
B3,31390928700890512538630765099,Lâm Đồng Vườn hoa - đối diện THCS Lam Sơn - Phường 6 - TP Đà Lạt (KK),Central,18977,0.0136,20.54,16.27
B3,31390932574706768021562473002,Long An UBND Tp Tân An - 76 Hùng Vương - P.2 (KK),South,19979,0.3088,10.9,8.11
B3,31390939012620449761949792810,Ninh Thuận Công viên (bến xe cũ) - Đ. Thống Nhất - P. Thanh Sơn - TP Phan Rang (KK),Central,14295,-2.0024,15.74,13.17
B3,31390944251495766704153049642,Quảng Nam Tiếp giáp Đ. Hùng Vương - KDC Đ. Hồ Xuân Hương (KK),Central,19205,-0.0275,14.32,10.07
B3,31390951371938979254287350314,Quảng Ngãi UBND P. Nguyễn Nghiêm - TP Quảng Ngãi (KK),Central,18801,-0.0642,25.71,15.12
B3,31390957404024291365397346858,Thái Bình Cầu Thái Bình - Đ. Trần Thái Tông - P. Bồ Xuyên - TP Thái Bình (KK),North,19607,0.5538,22.82,15.1
B3,31390965631272148257054013994,Vũng Tàu Đ. Huyền Trân Công Chúa - Phường 8 - TP Vũng Tàu,South,20164,0.0329,7.93,5.59
B3,31570631866920915749872483233,Bình Định huyện Tuy Phước (KK),Central,9692,-0.1353,14.39,10.85
B3,31616865099255512061948816121,Đà Nẵng Phạm Hùng (KK),Unknown,13256,-1.6153,18.96,16.58
B3,31651502905690497791503780869,Thái Nguyên Sân vận động Gang thép - P Trung Thành - TP Thái Nguyên (KK),North,14937,-0.283,49.95,34.24
