station_id,station_name,region,n_rows,pm25_mean,loso_r2,building_count_3km,building_area_3km,ACAG_annual_mean,mean_AOT,median_AOT,AOT_valid_frac,mean_AOD_physics,mean_AOD_PBLH_ratio,mean_PBLH,mean_WS,mean_VC,mean_Temp,mean_Humidity,mean_Pressure,rain_freq,AOT_std,AOT_iqr,AOT_p95,diurnal_pm25_range,seasonal_pm25_amp,mean_PM25_nn_idw,std_PM25_nn_idw,iqr_PM25_nn_idw,nn1_km,nn1_corr,nbr_seasonal_amp,nbr_diurnal_range,elevation_m,latitude,longitude,slope_deg,mean_AOT_inner_mean,mean_AOT_outer_mean,mean_AOT_spatial_std,mean_AOT_local_vs_regional,mean_AOT_grad_mag,mean_RF_mean,mean_RF_std,mean_RF_center,mean_RF_inner_mean,mean_RF_outer_mean,mean_RF_grad_mag,mean_RF_local_vs_regional,mean_SSA_mean,mean_SSA_std,mean_SSA_center,mean_SSA_inner_mean,mean_SSA_outer_mean,mean_SSA_grad_mag,mean_SSA_local_vs_regional,mean_AOT_fine
28505268571336961948594948504,Phú Thọ đường Hùng Vương - Tp Việt Trì (KK),North,26296,27.1,-0.4438,45790,4693527.2,37.49,0.7815,0.6574,0.053,0.000867,0.002105,400.9,8.28,3591.0,25.74,75.52,992.9,0.1346,0.6334,0.8462,1.9861,10.33,32.76,41.64,26.9,28.7,56.8,0.7111,1.9618,38.54,24.5,21.3385,105.367,0.836,0.7741335972107233,0.7801975174715917,0.1775524582198173,0.0209466504421447,0.0722805481127739,0.5255315857830047,0.0554294810266077,0.5533867510181844,0.5327249207247383,0.5269177978133963,0.02154711373074165,-3.9714302173119e-05,1688.066155503532,143.87917198172093,3095.600517206237,1888.3214110690903,1727.0838591391894,39.22866332523326,3.03366681938107,0.41851662284128854
28505272740301122608933325208,Đà Nẵng 41 đường Lê Duẩn (KK),Central,22113,13.19,-0.3612,117427,7068170.2,20.19,0.5784,0.4951,0.0608,0.000757,0.001482,415.7,8.9,4629.0,23.05,70.35,1004.6,0.1278,0.4581,0.6552,1.3659,7.32,17.98,16.63,11.74,13.5,6.3,0.3289,1.5998,20.76,8.0,16.074,108.217,1.053,0.0564961558708536,0.0536579984059857,0.0433792971175604,0.0055479080184728,0.0183512653026288,0.043425411355869754,0.04171587935098392,0.4755504972237749,0.04440730878720067,0.04064208563850557,0.011637355497932312,0.005038734090810331,531.7116309432984,212.58231519076605,3130.855597742824,467.8093050999719,579.6376122245309,55.70256561608256,-111.82830712455905,0.2591490176515893
28560877461938780203765592307,Hà Nội 556 Nguyễn Văn Cừ (KK),North,27159,48.54,0.5897,73659,5613257.0,37.84,0.7093,0.5871,0.0851,0.000624,0.001458,465.4,9.19,4875.0,26.84,75.69,1007.1,0.1535,0.5898,0.7515,1.7751,16.19,47.97,38.96,27.14,27.95,6.5,0.8767,1.8526,37.88,8.7,21.0491,105.883,9.624,0.8034804066846593,0.8171427356382007,0.1825964019082695,0.0258001774040692,0.0761199901907509,0.5295174331988168,0.05167147766336402,0.5625114549456689,0.539164714042774,0.5313147603803746,0.0202095050589349,0.0017848364023505035,1722.568315464231,138.52250288712395,2619.756063933522,1926.2645944196122,1772.9112679508778,38.441967803090385,-4.586335113551874,0.38466100259135466
28599103930259709512833128161,Quảng Ninh Phường Cẩm Thịnh - Cẩm Phả (KK),North,9022,6.85,-0.4785,26614,1776400.7,19.93,0.724,0.7522,0.0753,0.000766,0.001987,400.7,10.31,5190.0,23.94,82.19,1010.4,0.1666,0.4901,0.8855,1.347,2.2,12.07,24.8,17.63,17.15,7.3,0.6061,1.7123,25.67,8.0,21.0065,107.344,1.852,0.0707845440097586,0.0867593032268906,0.0269354876579703,-0.0028143450572796,0.1105332653184427,0.054600721423531964,0.024367740418939455,0.5349756162493489,0.04389572223508585,0.054135807462602416,0.09768643113700663,-0.003292232472004622,1533.397705665687,122.81093395255415,3978.770864525771,1540.6644607753876,1529.7637663397993,82.48911750583379,10.900694435588337,0.3916118036039311
28602837126985114455002404577,Quảng Ninh UBND TP Uông Bí (KK),North,16539,10.64,0.0614,37740,2763206.9,37.03,0.5661,0.4214,0.0802,0.000493,0.001147,447.2,9.32,4741.0,24.77,75.82,1008.9,0.1043,0.5201,0.5833,1.5419,2.24,12.85,11.4,8.73,7.11,10.4,0.3848,1.5549,11.85,12.8,21.0358,106.764,4.084,0.6581894055746348,0.6751918049018558,0.1713273964798548,0.0388970939443664,0.0787777745932081,0.5173784085673625,0.05468412679744878,0.5430120165086942,0.5225979634643578,0.5198396621381473,0.02383800746375498,-0.0018182857848683747,1986.4079575390372,188.7236363260742,2959.1866290160992,2220.154455912816,2046.574476857145,60.23364504562767,5.157579366842736,0.3276624252076388
28602897318711027016899843809,Quảng Ninh Nhà máy tuyển than Nam Cầu Trắng - Hạ Long (KK),North,17893,6.62,0.1467,33315,2215103.8,20.76,0.0,0.0,0.9144,0.0,0.0,425.3,10.89,5289.0,24.5,73.99,1008.8,0.1284,0.0,0.0,0.0,2.47,12.65,9.54,7.11,7.11,9.5,0.1233,1.6548,9.59,6.6,20.9454,107.131,2.067,0.0257492290355405,0.0290722012695347,0.0240417314985649,-0.002656524525467,0.1565617176359739,0.024524877936961908,0.022264644789003266,0.0,0.021334808929830206,0.024166525971225237,0.12210649300510532,-0.002250119934909414,573.5496734489707,47.67010789178039,0.0,569.2832441311231,575.1495211725538,61.618334841176996,-5.866277041430821,0.0
28916504310234840885489983032,Bắc Ninh Khu liên cơ Thuận Thành - thị trấn Hồ (KK),North,19801,27.95,-0.3357,28705,2532009.3,36.53,0.7139,0.5586,0.0809,0.000535,0.001472,451.2,9.23,4782.0,25.65,79.7,1010.9,0.1495,0.5996,0.7885,1.8124,9.6,16.37,42.45,33.56,33.91,1.8,0.4031,1.3418,51.2,6.2,21.0272,106.034,1.052,0.8018192538420947,0.8235048758626556,0.1996938984180822,0.0177851694345636,0.0840148652793007,0.518571547095002,0.05522816794311195,0.5376008812292438,0.5239505876645635,0.5216539264090854,0.022613604561712738,-0.005743403835761356,1455.139983283972,119.10780996224861,2392.3421027638483,1699.9242539144552,1496.584737307295,33.98001378205548,-4.737509509320441,0.36931475077402975
28916774462801800655608897080,Bắc Ninh UBND xã Xuân Lâm - Thuận Thành (KK),North,13609,52.19,-0.0285,34963,2648682.3,36.53,0.7647,0.58,0.079,0.000542,0.001525,454.0,9.4,4796.0,25.91,78.66,1010.8,0.1341,0.6619,0.796,2.0075,22.36,39.18,34.88,23.96,21.5,1.8,0.4031,1.5198,38.47,5.8,21.0243,106.017,0.168,0.8636746968480961,0.882778053032315,0.2097816195848978,0.0235262290985369,0.0881305357718877,0.5178654801479344,0.05532926146964027,0.5368517808686109,0.5240484933828108,0.5206591824174258,0.022390237684345428,-0.005444359713739,1035.7060952630566,112.0659309883149,1855.4311713308678,1235.6170745152579,1068.7808266855498,31.612678120675007,-5.26191438529026,0.3710029801300252
29098314940209976158571475636,"Trà Vinh xã Dân Thành, TX Duyên Hải (KK)",South,27858,9.13,-0.0526,5479,769680.6,15.17,0.0,0.0,0.8894,0.0,0.0,586.2,15.25,9922.0,28.67,80.98,1009.5,0.0979,0.0,0.0,0.0,1.53,4.59,9.08,7.8,7.76,4.4,0.2519,2.8749,11.8,3.0,9.5991,106.52,0.876,0.0371524594141361,0.0435692087023333,0.0322400751867319,-0.0025463316120488,0.0211259014479541,0.029504025566569024,0.026927104754356633,0.0,0.02555389757390682,0.029643368305662145,0.009690316190576212,-0.0019466520102749422,491.90593416469017,55.86896498172947,0.0,484.08076072863224,495.81799669758647,0.020868321418726268,-11.737235968954206,0.0
29098319146067624969113973428,"Trà Vinh xã Đông Hải, huyện Duyên Hải (KK)",South,16496,5.72,-1.5549,3218,240166.7,17.54,0.4937,0.379,0.1482,0.000332,0.000754,570.5,14.99,9568.0,28.73,79.92,1006.8,0.1251,0.4507,0.5334,1.3144,1.16,6.72,11.94,6.91,4.47,4.4,0.2519,1.1456,8.36,4.0,9.5756,106.488,3.613,0.0227299841769414,0.0165585074644048,0.0378303055403317,0.0062450236191149,0.029865699364072,0.019347031737821565,0.03173768820351503,0.43102603894345853,0.022671601178620552,0.016685756988869635,0.014154959730500204,0.006039863936024439,17.421835502852243,0.6400765929180356,121.69745976417347,17.487753708591796,17.374231867986904,0.030654537038312363,0.11352184060489103,0.18642854727514466
29196010501691076420299004774,Bắc Ninh TT Quan trắc - phường Suối Hoa - TP Bắc Ninh (KK),North,12513,23.44,-0.2515,54599,4353899.8,35.48,0.6708,0.5714,0.0779,0.000811,0.001516,441.6,9.17,4713.0,26.81,64.86,1011.8,0.1471,0.5016,0.7256,1.4561,9.44,24.74,38.24,24.83,27.75,18.3,0.7907,1.8304,35.19,8.9,21.1873,106.074,2.795,0.7238495465116204,0.756305289281466,0.1925311290397822,0.011177144290336,0.0810239665242615,0.5123894233928321,0.059461022986516454,0.5353239317902436,0.5189067801949914,0.5144631611581213,0.02318546490122189,-0.0007682230739186127,2128.4952252746584,175.1467324291381,3125.901108956168,2367.5404512054624,2184.4625596295023,46.15112031496773,-15.325767910619685,0.34940575646387473
29196021237696127337075448678,Bắc Ninh UBND xã Cao Đức - Gia Bình (KK),North,17547,25.4,-0.186,16908,1181701.2,34.21,0.6448,0.4856,0.0992,0.000372,0.001155,458.8,9.99,5186.0,26.08,84.83,1009.4,0.148,0.6113,0.6582,1.7987,8.9,27.32,29.05,17.88,18.46,17.1,0.6573,1.4198,29.32,3.1,21.0832,106.281,0.267,0.7736418882178542,0.7752798822801734,0.2035641984888054,0.034032811691949,0.0859628991501845,0.5110083681407757,0.05514078380190568,0.5385696149823089,0.5127942594301264,0.513965218541819,0.02282374531104932,-0.0020977275561684843,19.96215163345314,1.8337740249066699,41.770242486456226,23.8354928036819,20.73048922794596,0.44210571909224144,0.34742101804895686,0.32471384229695144
29203727697074312726675247132,"Thái Bình xã Thái Thọ, huyện Thái Thụy (KK)",North,21093,15.48,-0.1226,22818,1382331.5,24.35,0.6556,0.5189,0.0986,0.000559,0.001414,443.7,10.13,5143.0,24.91,80.75,1010.4,0.1517,0.5878,0.697,1.7014,3.63,14.51,28.63,25.78,20.85,18.0,0.1163,2.3928,29.13,3.3,20.4616,106.517,1.31,0.7617238970086376,0.0380683617548654,0.0532845927854419,0.5620447139756439,0.1672444571759989,0.03873149500704922,0.034321648100718395,0.5196921977966829,0.49747146424574173,0.029385056799856913,0.10391294480936258,0.32123588425123284,118.48394926231992,10.97037582201819,988.697288032982,609.2507513557796,119.36490138547232,13.680142118985053,-9.670859127623764,0.3081368646472884
29518839738601389925132404147,"Quảng Ninh Trung tâm văn hóa thể thao Cẩm Phả, đường Trần Phú, phường Cẩm Trung (KK)",North,17297,6.96,-0.6991,56913,3580331.0,21.01,0.5504,0.376,0.0748,0.000547,0.001349,377.6,9.72,4358.0,24.84,77.92,1004.4,0.1359,0.5151,0.728,1.4859,2.51,8.73,9.31,7.01,7.35,7.3,0.6061,1.1513,9.62,16.1,21.0093,107.274,3.015,0.0343144593719955,0.0287475715323725,0.0235827406252795,0.0060986993640373,0.1260856919725117,0.030541426629191487,0.024074252558949464,0.5498425021705791,0.033133585876807294,0.02654630404423431,0.11140205375434656,0.007423662610297706,562.225460044026,46.274105511297805,3038.5004943504982,565.7218638181018,559.7774697030794,51.34827573967593,5.944394115022356,0.30916730383505187
29518852005686198968139908531,Quảng Ninh Gần KCN Cái Lân (KK),North,14579,7.62,-0.0728,23554,2486442.2,21.72,0.7227,0.5819,0.0388,0.000572,0.001514,431.8,9.54,4741.0,23.98,77.09,1008.7,0.1401,0.6469,0.7171,1.9416,3.8,6.08,8.19,6.1,6.29,9.5,0.1233,1.382,8.26,5.5,20.9725,107.044,0.479,0.0198255109746187,0.0156052899963158,0.0285699769185864,0.0042202209783028,0.1500154928303808,0.03298445172589944,0.02793028664736003,0.5414944506910953,0.03378060496169874,0.02995713272196982,0.11485885929889064,0.004091016694675071,583.1683939520477,47.74109075109633,3529.148149718772,584.3075438242571,582.4834263838876,69.03396902241074,1.8241174403695335,0.42236250904052136
29518872592252585279589451187,Quảng Ninh Km11 - Minh Thành (KK),North,16394,9.49,0.3115,12238,1082759.0,24.8,0.6456,0.4006,0.0523,0.000626,0.001469,434.6,9.73,4912.0,24.63,77.18,1008.7,0.1039,0.6489,0.8124,1.9186,3.01,18.53,10.57,7.19,8.16,10.4,0.3848,1.5238,9.72,12.9,21.0062,106.859,2.052,0.7070558415802277,0.0725613184898935,0.3194479807213535,0.2941291655191697,0.100108080099516,0.06630878942198243,0.19242687605516767,0.543260322074191,0.5235948731296918,0.06170845565096319,0.0630956072392613,0.1427959253315579,599.4156805658107,178.67387631670715,3390.4278693169704,2392.03301773012,599.4600963830088,59.21977307631306,-0.3907808135489588,0.3181158246863131
29518885338952740244749551027,Quảng Ninh Nhuệ Hổ - Đông Triều (KK),North,15122,9.24,-0.6345,25781,1974921.7,28.52,0.6115,0.4728,0.0743,0.000469,0.001159,444.5,9.64,4783.0,24.83,79.35,1008.7,0.1135,0.5408,0.6376,1.5868,2.17,15.12,19.01,11.27,12.77,21.9,0.1169,1.5964,17.3,6.6,21.07,106.556,1.086,0.7039947658110969,0.7395756869834251,0.1775744974277812,0.0050964121708841,0.0863947628482516,0.51985073846361,0.05715088698851032,0.5388223400890286,0.52500608857537,0.5225186376305845,0.023773134695322166,-0.003695524734141825,2008.7089325943384,179.94336912974444,2941.8291238206207,2276.9571869014603,2070.549351168446,54.22722430733374,8.194768034350052,0.3246058464239881
29544533341424688633522251105,Gia Lai KCN Trà Đa - Tp Pleiku (KK),Central,17840,10.92,-0.0273,14979,1461964.1,18.77,0.3714,0.2796,0.0872,0.000295,0.00079,549.2,12.54,7842.0,23.11,79.14,927.8,0.1146,0.3314,0.3905,1.0393,6.4,16.24,14.9,10.02,12.11,130.5,0.143,1.4105,16.84,750.1,14.0177,108.035,2.825,0.4339982179387647,0.4401638125084082,0.1060799127669818,0.0112667100729423,0.0432513106820947,0.47979393240469803,0.07227233901929406,0.509059402221451,0.48247368682552294,0.48394945891826185,0.02774184210397248,-0.0076508312725713686,10.300900408818672,1.0654111822551542,29.574795427597127,12.293785001259005,10.964216272469164,0.39508500967241944,-0.18306021222388305,0.1783308911619179
29996239538320865599553202177,Tây Ninh Thị xã Trảng Bàng (KK),South,21029,10.92,-0.4196,35505,2976087.5,24.72,0.612,0.5198,0.1382,0.000452,0.00125,512.2,7.91,4497.0,28.03,75.44,1008.6,0.158,0.4268,0.6905,1.3189,8.46,12.83,17.21,11.68,15.75,33.2,0.3858,2.0513,16.18,8.7,11.0303,106.356,1.806,0.718349432331145,0.7202502527536553,0.1798788935682459,0.0171676956195275,0.0760469045714089,0.4817156541250738,0.07072174648696017,0.5039042654866865,0.4856976834273328,0.4829266932059865,0.030404769233114498,-0.001950706605563015,1539.8869549471622,306.4449843292552,2580.7740789555473,1724.8911216703718,1574.0660790522534,76.62934534304588,15.963221109326668,0.304901178642637
30991938797551443885460120607,"Sóc Trăng Sở TNMT - 16 Hùng Vương, P.6, Tp. Sóc Trăng (KK)",South,12613,6.71,-0.5035,50762,4070722.4,21.5,0.4934,0.3754,0.1145,0.000328,0.00086,548.7,10.63,6926.0,28.64,78.65,1009.2,0.1612,0.4254,0.5358,1.3044,11.84,10.79,11.79,6.46,8.44,57.2,0.0633,1.9694,7.32,4.3,9.6136,105.968,1.703,0.6069728315566482,0.6418869569264753,0.1979602533751382,0.0018671890683688,0.0942607679939587,0.4427356950504987,0.07143462843586959,0.4558390713848885,0.4456578809668719,0.44300855340036427,0.03290657824278841,-0.001622667960711578,567.2076543106156,218.57402494171356,1263.3565331200195,770.9231060456484,558.4385967385451,44.02232153476077,111.0261977473127,0.22242100697194997
31388836637198369136462150188,Bình Định Khuôn viên Cây xanh gần cầu chui đường Hoa Lư - TP. Quy Nhơn (KK),Central,19595,18.47,-0.1164,59122,3833865.8,18.47,0.6002,0.5248,0.1348,0.00047,0.001147,574.2,10.36,7524.0,26.96,76.15,1009.8,0.1044,0.445,0.7008,1.384,17.92,8.96,17.01,13.98,15.92,2.6,0.3415,2.4267,28.04,4.7,13.7851,109.22,2.229,0.0736466229656103,0.0578026862608714,0.0503420544947622,0.0155377989322304,0.1320028992099569,0.05054873496564111,0.04201966431128693,0.478088769560051,0.05835801891552316,0.042923206360960066,0.10846106883375208,0.015430598687871392,744.8072798298658,95.24683134746068,2846.861542126249,745.1037620945593,744.5999509053528,72.09380416343775,0.5038111892064927,0.28391569351922524
31388839920718814259329251882,"Bình Dương số 593 Đại lộ Bình Dương, P. Hiệp Thành (KK)",South,19488,24.22,0.3564,83660,7234363.2,28.38,0.6192,0.551,0.1272,0.000571,0.001292,498.1,7.66,4277.0,28.27,72.47,1007.1,0.2298,0.4308,0.6502,1.2909,11.67,22.84,19.33,9.51,11.3,23.5,0.5403,1.6221,18.39,24.1,10.9923,106.658,3.426,0.6748919899574882,0.677920336615546,0.170040194317101,0.0152683541042847,0.0679693698716431,0.4959716828686185,0.06720669892556404,0.5070636237327775,0.4962881462996038,0.49866270546776637,0.02757997005465931,-0.0030423012012181136,1903.6682079256143,329.6872444514787,2870.70244929757,2114.3569750539446,1971.7553520983968,75.47355660418405,-11.67600164771838,0.3107730167234649
31388851800421997746903202346,Đà Nẵng Khuôn viên trường ĐH sư phạm Đà Nẵng (KK),Central,19931,23.6,0.1215,105100,7395048.2,22.18,0.5848,0.4998,0.056,0.000797,0.002041,392.0,5.96,3271.0,26.44,74.22,1009.9,0.1118,0.4492,0.6741,1.3836,14.89,22.28,12.55,15.16,9.37,6.3,0.3289,2.0196,21.91,9.4,16.0622,108.159,0.988,0.0718022191932662,0.0663409177884998,0.0480820401757543,0.0072598485892539,0.0250155477498955,0.05738678093415252,0.04339946007832552,0.476729592712138,0.060234092449879185,0.052374283353175434,0.015732849227132143,0.0087208886415549,678.5516943790313,313.62620721777677,3329.206875806881,586.0484176585267,737.4151419721852,85.69101886071147,-151.36672431365858,0.2623259553976286
31388868531618872623864101418,Hải Dương UBND TP. Hải Dương - 106 Đường Trần Hưng Đạo (KK),North,19834,37.62,0.5904,68676,5370836.9,33.03,0.6624,0.5634,0.0835,0.000712,0.001501,444.5,9.05,4644.0,24.29,74.38,1011.4,0.1205,0.501,0.7519,1.4455,16.85,44.32,34.5,24.69,26.59,17.1,0.6573,2.3454,31.14,8.7,20.9381,106.336,1.408,0.7522464319779171,0.783430615307859,0.1812327823145117,0.0065285968528796,0.0735729035361302,0.51686054506077,0.05696517627017849,0.558139318693063,0.5249506520451128,0.5182239569913693,0.022530760963365874,-0.00016789272710167547,2219.1029374299146,177.37106817586525,3110.4073411277886,2465.623641201991,2257.207324083888,46.42027610592575,15.825649361165958,0.3567447621366129
31388883344354363840031242796,Hà Nam Công Viên Nam Cao - P.Quang Trung - TP. Phủ Lý (KK),North,19743,39.18,0.7393,57930,4789949.5,31.72,0.683,0.6121,0.086,0.00083,0.001556,432.0,9.22,4647.0,24.26,56.42,997.2,0.1361,0.5111,0.7075,1.5405,11.07,56.31,41.25,29.64,30.54,20.4,0.8634,2.3224,37.08,5.2,20.536,105.916,1.336,0.7650888982387922,0.78754873222611,0.1918721540445735,0.0095692117235452,0.0831016010484405,0.5181529214280851,0.06141257987890604,0.5484325930163733,0.5245190668948908,0.5223882803702005,0.026091912605649643,-0.0019748132965421994,1851.767415395646,153.58419523398953,2669.805417363349,2043.0972196789119,1916.9510513167581,44.38637886914453,-1.355225426849218,0.3662759497701716
31390903576425084107499649578,Hà Nội ĐHBK cổng Parabol đường Giải Phóng (KK),North,19837,46.78,0.7593,180144,11050899.4,37.84,0.7427,0.6552,0.068,0.00075,0.001556,459.2,9.27,4772.0,24.65,72.58,1010.2,0.1593,0.5336,0.816,1.5665,10.13,63.55,41.53,26.59,28.96,4.9,0.8848,1.9567,36.54,16.4,21.0052,105.842,6.65,0.7732815006088937,0.8067527452919334,0.1750712744868952,0.0065832906318292,0.0701125200948895,0.5329072140717566,0.05202014189813627,0.5833165331633429,0.5453932179615204,0.5341006392483665,0.019636557165478467,0.005041496097000067,2247.6613938447563,183.8182510518624,3293.8377779720126,2452.523438384512,2310.754140722465,48.43051667391283,-0.984637539243114,0.4241001064032311
31390908889087377344742439468,Hà Nội Công viên Nhân Chính - Khuất Duy Tiến (KK),North,19443,36.94,0.711,114969,8662492.4,41.27,0.7382,0.6642,0.0782,0.000787,0.001596,468.1,8.8,4605.0,25.04,70.76,1010.3,0.1623,0.5288,0.8036,1.5788,7.09,36.29,45.28,32.41,34.11,4.9,0.8848,2.324,43.17,8.6,21.0031,105.795,1.084,0.7891208586014331,0.8004511518595604,0.1748249265372158,0.0208407606418116,0.0687981656855495,0.5323995107413526,0.05082827760640814,0.5653868455150034,0.5431210916856912,0.5344192981456265,0.018246906983430008,0.0014597958441038266,2252.673476637799,187.52203525687435,3230.2453719388545,2497.242039873119,2297.4449951800384,49.82418416794528,8.70145610189942,0.41277403214674724
31390912357075263208060500522,HCM Khu Liên cơ quan Bộ Tài Nguyên và Môi Trường - số 20 Đ. Lý Chính Thắng (KK),South,19860,21.34,0.4356,180765,10938292.8,34.93,0.6556,0.5612,0.1278,0.000662,0.001206,537.2,7.7,4595.0,28.86,65.55,1007.6,0.1983,0.5097,0.6094,1.2985,9.06,16.45,20.88,10.99,13.13,7.6,0.7862,1.6798,21.36,8.6,10.7823,106.683,0.382,0.6768342153055389,0.6760376464496666,0.1809474964750048,0.0360247620689922,0.0669700312592266,0.4926582461929946,0.06074784443651825,0.5031627357902119,0.5004513555098703,0.49287247852953137,0.024007392874418106,0.0013719275216161828,1838.9494944266453,291.07892845983514,2762.4850263023272,2079.641307789319,1886.6579324727024,67.38008555161778,-27.03328351094578,0.3197629889514538
31390916083317566102523755051,HCM Đ. Lê Hữu Kiều - P. Bình Trưng Tây - Quận 2 (Ngã ba Lê Hữu Kiểu và Trương Văn Bang) (KK),South,19156,22.57,0.5127,51613,5061609.0,34.69,0.6187,0.5447,0.1464,0.000517,0.001093,515.3,7.59,4354.0,28.31,69.86,1009.0,0.1752,0.4186,0.6495,1.2471,10.72,19.39,20.93,10.59,12.39,7.6,0.7862,1.58,20.6,11.7,10.7832,106.753,0.944,0.6693619312764876,0.6652649533044038,0.1739661001485584,0.0149625091902482,0.0625636410028731,0.49502050678599396,0.06248519563026989,0.5125009976134183,0.4996028962257825,0.4966936888811172,0.023134400343656315,-0.001050917277782517,1849.867331889532,316.372532253238,2757.1402371333033,2060.873926455861,1892.5029299635269,70.12765009355914,-6.953826616651113,0.30984905218326014
31390921469766835629621918251,Hưng Yên số 437 Nguyễn Văn Linh - Tp Hưng Yên (KK),North,19022,43.19,0.4148,42383,2962337.3,32.28,0.7112,0.6261,0.0705,0.000784,0.001578,446.1,9.53,4910.0,24.13,74.04,1011.6,0.1281,0.4973,0.8044,1.5655,10.82,54.37,41.81,28.81,31.85,20.4,0.8634,2.3457,34.86,10.9,20.6618,106.059,4.888,0.7550905378251824,0.8008076249022469,0.1799171833597395,0.0035342451329084,0.0748008723583696,0.5153207908565537,0.05909892832206945,0.5524991629878936,0.5262600485529976,0.5182244211777565,0.023623580827486453,-0.0019024517774839606,2205.781680116782,172.16638867467861,3288.573117016939,2464.5209985555252,2236.6517451818504,46.13858785928898,6.400352811282906,0.3889698213576561
31390928700890512538630765099,Lâm Đồng Vườn hoa - đối diện THCS Lam Sơn - Phường 6 - TP Đà Lạt (KK),Central,18977,18.08,-0.2252,73556,9155258.5,19.79,0.4491,0.3238,0.121,0.00045,0.001262,449.8,10.53,5429.0,19.06,79.18,853.8,0.157,0.37,0.5579,1.1608,14.61,28.81,17.9,7.41,9.28,74.3,0.3635,1.3496,16.68,1493.3,11.9527,108.43,4.151,0.4848472151885321,0.5005368200200001,0.1187576549160678,0.0020825629187759,0.0486302762150929,0.445802395685813,0.07367494233055599,0.45237704242795235,0.44585871450186604,0.4488023467615164,0.027540166086193568,-0.0002842170974819031,2267.0077852251693,390.8687387348026,3070.113574928774,2501.941149349491,2333.0351053639383,89.17856373428835,-31.566569683934834,0.21478135058952572
31390932574706768021562473002,Long An UBND Tp Tân An - 76 Hùng Vương - P.2 (KK),South,19979,21.17,0.2623,67700,5370421.7,24.41,0.5777,0.4973,0.1404,0.000705,0.001258,490.3,8.24,4644.0,27.7,61.36,1002.5,0.1371,0.3939,0.6094,1.206,8.26,17.8,19.37,9.58,11.52,40.7,0.5633,1.5401,18.12,5.9,10.5391,106.405,1.286,0.6725822619059549,0.6785551216738596,0.1800258119272667,0.0174294488958471,0.079150928512647,0.4753515466199578,0.07239832368534742,0.4775863461032695,0.4805318188428615,0.4763437062471342,0.03133389162037837,0.0004495433963946445,1846.1167769086323,431.28578720291415,2640.6151783113864,2090.305615406025,1868.5283672463408,101.79679272186308,76.12253414978042,0.26137257056778684
31390939012620449761949792810,Ninh Thuận Công viên (bến xe cũ) - Đ. Thống Nhất - P. Thanh Sơn - TP Phan Rang (KK),Central,14295,15.49,-0.1248,75208,5056871.8,22.48,0.3847,0.2714,0.2003,0.000359,0.000669,494.4,9.4,6342.0,28.81,62.75,1006.5,0.1011,0.3633,0.3669,1.1609,8.82,9.6,18.05,10.57,11.13,74.3,0.3635,1.638,18.69,6.5,11.5736,108.992,0.868,0.0676514664147065,0.0415716906803533,0.0641089892322517,0.0260797757343532,0.1215790987562327,0.08120106194948083,0.05451360184176156,0.44483332245887686,0.0922140687067359,0.07172810350108665,0.1043547166124252,0.021136691864644133,754.4266550403356,152.42653906910328,2380.8213105101154,761.8232741219168,749.4931347290632,84.76749604914963,12.330139392853694,0.20558008468995337
31390944251495766704153049642,Quảng Nam Tiếp giáp Đ. Hùng Vương - KDC Đ. Hồ Xuân Hương (KK),Central,19205,19.87,0.1388,69385,4739795.5,20.42,0.6197,0.4852,0.148,0.000708,0.001656,385.0,7.79,3948.0,26.31,77.89,1009.7,0.1246,0.5044,0.7929,1.5357,9.67,21.07,18.4,12.02,12.74,56.8,0.1683,1.5932,24.15,6.8,15.5621,108.487,0.81,0.577040988309175,0.071133402692274,0.0541367440202802,0.3020667420691295,0.1061684070777903,0.07013551191982928,0.043330979539464916,0.4883569691754126,0.47851279931475627,0.0572454862578095,0.09980067903429418,0.24590830755012394,716.368633022703,89.44568907508521,2734.473284383833,2146.307953889727,710.4849278533603,62.85561539848241,40.84388668779098,0.2978252218677578
31390951371938979254287350314,Quảng Ngãi UBND P. Nguyễn Nghiêm - TP Quảng Ngãi (KK),Central,18801,27.41,0.1273,79042,5730302.7,18.25,0.4989,0.3927,0.1494,0.000512,0.001313,422.7,7.52,4290.0,26.7,77.68,1009.6,0.1191,0.4053,0.5843,1.249,16.69,24.72,16.9,9.4,10.88,59.7,0.3173,1.3579,19.6,12.9,15.121,108.804,4.967,0.5733087827915866,0.0737054680424259,0.0552730798516304,0.304108923415017,0.0888744506980636,0.07146027112908315,0.04426891148511,0.5025742536529932,0.47330457193563696,0.05926190821524509,0.07891371983952623,0.2404133282517753,729.1257301707598,87.63603694335175,2698.1743423468756,2107.1805759199456,728.0965494271773,56.72999079904926,7.109535073910806,0.25543674330415445
31390957404024291365397346858,Thái Bình Cầu Thái Bình - Đ. Trần Thái Tông - P. Bồ Xuyên - TP Thái Bình (KK),North,19607,37.19,0.5066,65988,5715086.5,28.7,0.7294,0.6856,0.0816,0.000668,0.001443,451.7,10.35,5318.0,24.92,77.38,986.6,0.1365,0.5117,0.8039,1.5788,22.03,48.41,32.85,22.61,25.07,18.0,0.1163,2.0527,30.24,8.4,20.4578,106.344,6.89,0.7680345230157887,0.8029478659952853,0.1838154852502965,0.0103448478042139,0.0806023868926764,0.5116354380676533,0.057195551766983634,0.5412137868915601,0.5182334503467382,0.5133306009510348,0.02407097215326395,-0.0020500267194627506,2057.9120478229424,197.43991709230306,3028.3211638985517,2289.654585902536,2111.559037434863,57.66772817078151,-0.930429864978268,0.38641226674047163
31390965631272148257054013994,Vũng Tàu Đ. Huyền Trân Công Chúa - Phường 8 - TP Vũng Tàu,South,20164,14.67,0.0911,26374,1921007.4,21.71,0.6485,0.5767,0.1603,0.000525,0.001154,497.3,10.79,6386.0,27.89,75.15,1009.1,0.1332,0.5339,0.7607,1.5764,8.53,9.76,20.45,10.05,12.07,65.3,0.5355,1.5988,18.95,40.0,10.4955,107.274,1.27,0.1101256421118773,0.0811378405414308,0.0576082075986435,0.0305571052011167,0.1091347877652815,0.0699189747150344,0.048328081817492326,0.4798690794332798,0.08864793716459242,0.05913561775633754,0.09273626722458635,0.030400579722458684,737.0453939352595,137.5452055010014,2710.172442230398,742.756941741057,732.4863733435659,90.59994095581898,10.270568397491072,0.3064725695657918
31570631866920915749872483233,Bình Định huyện Tuy Phước (KK),Central,9692,12.07,0.0197,56755,3701991.1,18.47,0.5896,0.4721,0.1499,0.000333,0.000927,563.2,10.03,7158.0,27.45,83.57,1008.1,0.1198,0.4727,0.6689,1.5134,8.41,20.11,18.47,11.79,14.22,2.6,0.3415,0.9176,26.7,11.3,13.7619,109.22,1.784,0.0484959803067937,0.0300410628068608,0.0548841885636211,0.0184549174999328,0.1497356816165315,0.03507885450314573,0.045127540060987466,0.4870081078333665,0.04508522104880767,0.02827247141297238,0.11852349222532924,0.01681274963583528,0.06836033050468113,0.08655709269893523,0.9392014825439836,0.08719955487174899,0.05533126236577043,0.239029867119922,0.03186829250597855,0.26539135570897376
31616865099255512061948816121,Đà Nẵng Phạm Hùng (KK),Unknown,13256,6.24,-1.335,69361,4659815.6,21.45,0.5516,0.4333,0.1657,0.000574,0.00145,415.4,7.48,4285.0,26.39,80.89,1009.7,0.1172,0.4373,0.6668,1.2657,8.46,12.71,19.35,12.01,13.48,8.7,0.2456,1.4397,21.5,4.4,15.9961,108.207,1.726,0.0976318119679941,0.0812823293489262,0.0580490839186893,0.0170829193944216,0.1291751654558974,0.07146053637036255,0.04330918101453884,0.4858778300890773,0.07920697857862913,0.062380188150170414,0.10851975981070719,0.01784666220484192,920.0350909582013,123.47029250446886,3036.4382462468966,938.1901456817379,907.9295384087749,77.24525127399588,30.26060727296319,0.26657834097810673
31651502905690497791503780869,Thái Nguyên Sân vận động Gang thép - P Trung Thành - TP Thái Nguyên (KK),North,14937,55.21,0.2878,26071,2717510.4,31.52,0.7046,0.6486,0.0769,0.000695,0.001918,437.7,6.98,3786.0,24.03,79.56,1008.9,0.1163,0.4986,0.8053,1.548,38.29,71.84,38.72,26.71,30.12,44.4,0.0808,2.1391,32.6,26.0,21.5391,105.872,0.213,0.7382425119676078,0.7281580586214,0.1633208550689739,0.0405954744201837,0.0690941733146878,0.5205788505184555,0.06228617294513983,0.5511835059394724,0.5242477273370711,0.5232948561843112,0.026104984305812238,-0.003028914095018431,2548.105365220883,191.7000143919639,3474.941973880401,2771.0600125936144,2613.599835851987,52.01119103663193,-1.9742795890611327,0.3777468391249107
