stationId,station_name,lat,lon,region,station_type,tier,data_start,data_end,total_months,pm25_coverage,has_envisoft_temp,has_envisoft_humidity,has_envisoft_wind,quality_flag,fail_reason
31388839920718814259329251882,"Bình Dương số 593 Đại lộ Bình Dương, P. Hiệp Thành (KK)",10.9923,106.658,South,KK,1,2023-12-20 18:00:00,2026-04-16 19:00:00,27.9,0.9575,True,True,True,pass,
31388836637198369136462150188,Bình Định Khuôn viên Cây xanh gần cầu chui đường Hoa Lư - TP. Quy Nhơn (KK),13.7851,109.22,Central,KK,1,2023-12-20 19:00:00,2026-04-16 20:00:00,27.9,0.9636,True,True,True,pass,
31570631866920915749872483233,Bình Định huyện Tuy Phước (KK),13.7619,109.22,Central,KK,3,2024-03-26 06:00:00,2025-11-19 09:00:00,19.8,0.6697,True,True,True,pass,
28916504310234840885489983032,Bắc Ninh Khu liên cơ Thuận Thành - thị trấn Hồ (KK),21.0272,106.034,North,KK,1,2023-01-01 01:00:00,2026-02-12 11:00:00,37.4,0.7247,True,True,True,pass,
29196010501691076420299004774,Bắc Ninh TT Quan trắc - phường Suối Hoa - TP Bắc Ninh (KK),21.1873,106.074,North,KK,1,2023-08-03 15:00:00,2026-02-20 07:00:00,30.6,0.5596,True,True,True,pass,
29196021237696127337075448678,Bắc Ninh UBND xã Cao Đức - Gia Bình (KK),21.0832,106.281,North,KK,1,2023-01-01 01:00:00,2025-11-27 18:00:00,34.9,0.6888,True,True,True,pass,
28916774462801800655608897080,Bắc Ninh UBND xã Xuân Lâm - Thuận Thành (KK),21.0243,106.017,North,KK,3,2023-01-01 01:00:00,2026-01-15 07:00:00,36.5,0.5108,True,True,True,pass,
29544533341424688633522251105,Gia Lai KCN Trà Đa - Tp Pleiku (KK),14.0177,108.035,Central,KK,2,2023-01-01 01:00:00,2025-11-27 08:00:00,34.9,0.7005,True,True,True,pass,
31390912357075263208060500522,HCM Khu Liên cơ quan Bộ Tài Nguyên và Môi Trường - số 20 Đ. Lý Chính Thắng (KK),10.7823,106.683,South,KK,1,2023-12-20 18:00:00,2026-04-16 20:00:00,27.9,0.9759,True,True,True,pass,
31390916083317566102523755051,HCM Đ. Lê Hữu Kiều - P. Bình Trưng Tây - Quận 2 (Ngã ba Lê Hữu Kiểu và Trương Văn Bang) (KK),10.7832,106.753,South,KK,1,2023-12-20 18:00:00,2026-04-16 20:00:00,27.9,0.9414,True,True,True,pass,
31388883344354363840031242796,Hà Nam Công Viên Nam Cao - P.Quang Trung - TP. Phủ Lý (KK),20.536,105.916,North,KK,1,2023-12-04 16:00:00,2026-04-16 20:00:00,28.4,0.9523,True,True,True,pass,
28560877461938780203765592307,Hà Nội 556 Nguyễn Văn Cừ (KK),21.0491,105.883,North,KK,1,2023-01-01 01:00:00,2026-04-16 20:00:00,39.5,0.9418,True,True,True,pass,
31390908889087377344742439468,Hà Nội Công viên Nhân Chính - Khuất Duy Tiến (KK),21.0031,105.795,North,KK,1,2023-12-20 18:00:00,2026-04-16 20:00:00,27.9,0.9564,True,True,True,pass,
31390903576425084107499649578,Hà Nội ĐHBK cổng Parabol đường Giải Phóng (KK),21.0052,105.842,North,KK,1,2023-12-20 18:00:00,2026-04-16 20:00:00,27.9,0.9748,True,True,True,pass,
31390921469766835629621918251,Hưng Yên số 437 Nguyễn Văn Linh - Tp Hưng Yên (KK),20.6618,106.059,North,KK,1,2023-12-03 23:00:00,2026-04-16 20:00:00,28.4,0.9187,True,True,True,pass,
31388868531618872623864101418,Hải Dương UBND TP. Hải Dương - 106 Đường Trần Hưng Đạo (KK),20.9381,106.336,North,KK,1,2023-12-02 17:00:00,2026-04-16 20:00:00,28.4,0.9547,True,True,True,pass,
31390932574706768021562473002,Long An UBND Tp Tân An - 76 Hùng Vương - P.2 (KK),10.5391,106.405,South,KK,3,2023-12-04 00:00:00,2026-04-16 19:00:00,28.4,0.9627,True,True,True,pass,
31390928700890512538630765099,Lâm Đồng Vườn hoa - đối diện THCS Lam Sơn - Phường 6 - TP Đà Lạt (KK),11.9527,108.43,Central,KK,1,2023-12-20 19:00:00,2026-04-16 20:00:00,27.9,0.9339,True,True,True,pass,
31390939012620449761949792810,Ninh Thuận Công viên (bến xe cũ) - Đ. Thống Nhất - P. Thanh Sơn - TP Phan Rang (KK),11.5736,108.992,Central,KK,3,2023-12-20 19:00:00,2026-04-16 20:00:00,27.9,0.7057,True,True,True,pass,
28505268571336961948594948504,Phú Thọ đường Hùng Vương - Tp Việt Trì (KK),21.3385,105.367,North,KK,1,2023-01-01 01:00:00,2026-04-16 19:00:00,39.5,0.9119,True,True,True,pass,
31390944251495766704153049642,Quảng Nam Tiếp giáp Đ. Hùng Vương - KDC Đ. Hồ Xuân Hương (KK),15.5621,108.487,Central,KK,1,2023-12-04 00:00:00,2026-04-16 20:00:00,28.4,0.9409,True,True,True,marginal_fixed,
31390951371938979254287350314,Quảng Ngãi UBND P. Nguyễn Nghiêm - TP Quảng Ngãi (KK),15.121,108.804,Central,KK,1,2023-12-20 19:00:00,2026-04-16 20:00:00,27.9,0.9342,True,True,True,pass,
29518852005686198968139908531,Quảng Ninh Gần KCN Cái Lân (KK),20.9725,107.044,North,KK,3,2023-01-01 01:00:00,2026-04-16 20:00:00,39.5,0.5055,True,True,True,pass,
29518872592252585279589451187,Quảng Ninh Km11 - Minh Thành (KK),21.0062,106.859,North,KK,3,2023-01-01 01:00:00,2026-04-16 20:00:00,39.5,0.5684,True,True,True,pass,
29518885338952740244749551027,Quảng Ninh Nhuệ Hổ - Đông Triều (KK),21.07,106.556,North,KK,3,2023-01-01 01:00:00,2026-04-16 20:00:00,39.5,0.5243,True,True,True,pass,
28602897318711027016899843809,Quảng Ninh Nhà máy tuyển than Nam Cầu Trắng - Hạ Long (KK),20.9454,107.131,North,KK,3,2023-01-01 01:00:00,2026-04-16 20:00:00,39.5,0.6205,True,True,True,pass,
28599103930259709512833128161,Quảng Ninh Phường Cẩm Thịnh - Cẩm Phả (KK),21.0065,107.344,North,KK,3,2025-03-25 16:00:00,2026-04-16 20:00:00,12.7,0.9709,False,False,False,pass,
29518839738601389925132404147,"Quảng Ninh Trung tâm văn hóa thể thao Cẩm Phả, đường Trần Phú, phường Cẩm Trung (KK)",21.0093,107.274,North,KK,3,2023-01-01 01:00:00,2026-04-16 20:00:00,39.5,0.5997,True,True,True,pass,
28602837126985114455002404577,Quảng Ninh UBND TP Uông Bí (KK),21.0358,106.764,North,KK,3,2023-01-01 01:00:00,2026-04-16 20:00:00,39.5,0.5734,True,True,True,pass,
30991938797551443885460120607,"Sóc Trăng Sở TNMT - 16 Hùng Vương, P.6, Tp. Sóc Trăng (KK)",9.61358,105.968,South,KK,3,2023-03-28 15:00:00,2026-01-09 03:00:00,33.4,0.5165,True,True,True,pass,
31390957404024291365397346858,Thái Bình Cầu Thái Bình - Đ. Trần Thái Tông - P. Bồ Xuyên - TP Thái Bình (KK),20.4578,106.344,North,KK,1,2023-12-04 00:00:00,2026-04-16 20:00:00,28.4,0.9474,True,True,True,pass,
29203727697074312726675247132,"Thái Bình xã Thái Thọ, huyện Thái Thụy (KK)",20.4616,106.517,North,KK,3,2023-01-01 01:00:00,2026-01-01 21:00:00,36.0,0.8013,False,False,False,pass,
31651502905690497791503780869,Thái Nguyên Sân vận động Gang thép - P Trung Thành - TP Thái Nguyên (KK),21.5391,105.872,North,KK,2,2024-05-16 00:00:00,2026-04-16 20:00:00,23.0,0.8881,True,True,False,pass,
29098314940209976158571475636,"Trà Vinh xã Dân Thành, TX Duyên Hải (KK)",9.59914,106.52,South,KK,2,2023-01-06 00:00:00,2026-04-16 20:00:00,39.3,0.9699,True,True,True,pass,
29098319146067624969113973428,"Trà Vinh xã Đông Hải, huyện Duyên Hải (KK)",9.57555,106.488,South,KK,3,2023-01-02 08:00:00,2025-12-10 15:00:00,35.2,0.6405,True,True,True,pass,
29996239538320865599553202177,Tây Ninh Thị xã Trảng Bàng (KK),11.0303,106.356,South,KK,2,2023-01-03 00:00:00,2026-04-16 20:00:00,39.4,0.7302,True,True,False,pass,
31390965631272148257054013994,Vũng Tàu Đ. Huyền Trân Công Chúa - Phường 8 - TP Vũng Tàu,10.4955,107.274,South,Other,3,2023-12-04 00:00:00,2026-04-16 20:00:00,28.4,0.9717,True,True,True,pass,
31616865099255512061948816121,Đà Nẵng Phạm Hùng (KK),15.9961,108.207,Central,KK,3,2024-04-23 18:00:00,2026-04-16 19:00:00,23.8,0.764,False,False,True,pass,
28505272740301122608933325208,Đà Nẵng 41 đường Lê Duẩn (KK),16.074,108.217,Central,KK,1,2023-01-01 01:00:00,2026-04-16 20:00:00,39.5,0.7676,True,True,True,pass,
31388851800421997746903202346,Đà Nẵng Khuôn viên trường ĐH sư phạm Đà Nẵng (KK),16.0622,108.159,Central,KK,1,2023-12-03 00:00:00,2026-04-16 20:00:00,28.4,0.9595,True,True,True,pass,
