config,stationId,station_name,region,tier_qc,n,r2,rmse,mae,bias,pm25_mean,pred_mean
Global XGBoost,28505268571336961948594948504,Phú Thọ đường Hùng Vương - Tp Việt Trì (KK),North,2,26296,0.1733293877493377,19.101636686843456,15.04740507231458,8.013989964728069,27.09912530042592,35.113115265153986
Geographic region,28505268571336961948594948504,Phú Thọ đường Hùng Vương - Tp Việt Trì (KK),North,2,26296,0.198545015428658,18.808055523546493,14.60574031568895,7.19000597334262,27.09912530042592,34.28913127376854
Oracle true-tier,28505268571336961948594948504,Phú Thọ đường Hùng Vương - Tp Việt Trì (KK),North,2,26296,0.04420860186054276,20.53931189768482,15.291391216977301,-1.5320975166911521,27.09912530042592,25.56702778373477
Global XGBoost,28505272740301122608933325208,Đà Nẵng 41 đường Lê Duẩn (KK),Central,1,22113,0.06398847808127772,18.04871303790813,6.7635731156043795,-1.2726188984767532,13.191629068873512,11.91901017039676
Geographic region,28505272740301122608933325208,Đà Nẵng 41 đường Lê Duẩn (KK),Central,1,22113,0.02466117681755231,18.423977662770106,6.80815136506988,-3.4156089650233596,13.191629068873512,9.776020103850154
Oracle true-tier,28505272740301122608933325208,Đà Nẵng 41 đường Lê Duẩn (KK),Central,1,22113,0.021006787715989406,18.458460774246134,6.6669039452682135,-3.863886733011065,13.191629068873512,9.32774233586245
Global XGBoost,28560877461938780203765592307,Hà Nội 556 Nguyễn Văn Cừ (KK),North,3,27159,0.13209765272316776,31.131164131710065,21.95634838742795,-19.349265870863118,48.53746936926985,29.18820349840674
Geographic region,28560877461938780203765592307,Hà Nội 556 Nguyễn Văn Cừ (KK),North,3,27159,-0.1474186272306337,35.79487726951795,25.599427217374934,-24.319239342010356,48.53746936926985,24.218230027259505
Oracle true-tier,28560877461938780203765592307,Hà Nội 556 Nguyễn Văn Cừ (KK),North,3,27159,0.4860621927357285,23.956050136767455,16.25589269626634,-9.672524626220207,48.53746936926985,38.86494474304965
Global XGBoost,28599103930259709512833128161,Quảng Ninh Phường Cẩm Thịnh - Cẩm Phả (KK),North,0,7967,0.09651343226713283,7.2036571499845365,4.407824539840687,0.17056311433130653,7.6970657336513115,7.867628847982618
Geographic region,28599103930259709512833128161,Quảng Ninh Phường Cẩm Thịnh - Cẩm Phả (KK),North,0,7967,-0.5530448686452665,9.444613417206764,6.50546195309925,4.218563669320681,7.6970657336513115,11.915629402971993
Oracle true-tier,28599103930259709512833128161,Quảng Ninh Phường Cẩm Thịnh - Cẩm Phả (KK),North,0,7967,0.01590689125019973,7.518137772879854,4.683924599230554,0.4553463519217814,7.6970657336513115,8.152412085573093
Global XGBoost,28602837126985114455002404577,Quảng Ninh UBND TP Uông Bí (KK),North,1,16513,0.011563628335174103,9.105114593999529,6.908919056398711,2.6624469689053116,10.652525713074546,13.31497268197986
Geographic region,28602837126985114455002404577,Quảng Ninh UBND TP Uông Bí (KK),North,1,16513,-0.029718099666736553,9.29330585099327,6.877036187915967,2.28812277802665,10.652525713074546,12.940648491101198
Oracle true-tier,28602837126985114455002404577,Quảng Ninh UBND TP Uông Bí (KK),North,1,16513,-0.04373832888477813,9.356358915446915,6.486385111580964,-1.1068906242502283,10.652525713074546,9.54563508882432
Global XGBoost,28602897318711027016899843809,Quảng Ninh Nhà máy tuyển than Nam Cầu Trắng - Hạ Long (KK),North,1,11546,-0.16917874579688097,8.147978145759772,5.642040054604005,-4.379663872619495,10.07309263814308,5.693428765523584
Geographic region,28602897318711027016899843809,Quảng Ninh Nhà máy tuyển than Nam Cầu Trắng - Hạ Long (KK),North,1,11546,-0.1676419127640847,8.142621308900818,5.608698148839452,-4.434851765558093,10.07309263814308,5.638240872584987
Oracle true-tier,28602897318711027016899843809,Quảng Ninh Nhà máy tuyển than Nam Cầu Trắng - Hạ Long (KK),North,1,11546,0.17454999807239258,6.846282033756384,4.758636980517725,-1.9319086488311756,10.07309263814308,8.141183989311903
Global XGBoost,28916504310234840885489983032,Bắc Ninh Khu liên cơ Thuận Thành - thị trấn Hồ (KK),North,2,19801,0.20785977893496843,21.928773534849256,14.041969083212738,-1.556482694905103,27.9495616888036,26.39307899389849
Geographic region,28916504310234840885489983032,Bắc Ninh Khu liên cơ Thuận Thành - thị trấn Hồ (KK),North,2,19801,0.24281117215352543,21.439537311806813,14.500511848259329,2.0139209304795314,27.9495616888036,29.963482619283127
Oracle true-tier,28916504310234840885489983032,Bắc Ninh Khu liên cơ Thuận Thành - thị trấn Hồ (KK),North,2,19801,0.1318791167700173,22.95638034880431,13.216384237664542,-7.868047877004667,27.9495616888036,20.081513811798928
Global XGBoost,28916774462801800655608897080,Bắc Ninh UBND xã Xuân Lâm - Thuận Thành (KK),North,3,13609,-0.25009852793178,50.79862844381093,31.367767648438765,-24.543212280069373,52.19140205011389,27.64818977004452
Geographic region,28916774462801800655608897080,Bắc Ninh UBND xã Xuân Lâm - Thuận Thành (KK),North,3,13609,-0.2595246794312671,50.98978790044122,31.63492214011397,-24.76362356454083,52.19140205011389,27.427778485573068
Oracle true-tier,28916774462801800655608897080,Bắc Ninh UBND xã Xuân Lâm - Thuận Thành (KK),North,3,13609,-0.134166119029556,48.385830462268686,31.995236830822996,-16.319181334715935,52.19140205011389,35.87222071539796
Global XGBoost,29098314940209976158571475636,"Trà Vinh xã Dân Thành, TX Duyên Hải (KK)",South,0,24687,-0.11126406464764727,7.116159048876959,4.258063061569485,-1.3395777189588451,9.342666208935878,8.003088489977031
Geographic region,29098314940209976158571475636,"Trà Vinh xã Dân Thành, TX Duyên Hải (KK)",South,0,24687,-0.3240726311122921,7.767708425330438,4.812780856260739,-3.20617042905919,9.342666208935878,6.136495779876688
Oracle true-tier,29098314940209976158571475636,"Trà Vinh xã Dân Thành, TX Duyên Hải (KK)",South,0,24687,-1.0606292378612654,9.690293689608884,6.803017045266649,-5.030157205073256,9.342666208935878,4.312509003862622
Global XGBoost,29098319146067624969113973428,"Trà Vinh xã Đông Hải, huyện Duyên Hải (KK)",South,0,16267,-0.5967311930330839,6.282555619948116,5.035201691833128,4.2431892749387945,5.781248521546689,10.024437796485484
Geographic region,29098319146067624969113973428,"Trà Vinh xã Đông Hải, huyện Duyên Hải (KK)",South,0,16267,0.10926560523096562,4.6923948403328595,2.9170301743912432,1.105728753162707,5.781248521546689,6.8869772747093965
Oracle true-tier,29098319146067624969113973428,"Trà Vinh xã Đông Hải, huyện Duyên Hải (KK)",South,0,16267,0.10378103777507086,4.706819039980142,2.521634463164837,-1.1319367859499248,5.781248521546689,4.649311735596765
Global XGBoost,29196010501691076420299004774,Bắc Ninh TT Quan trắc - phường Suối Hoa - TP Bắc Ninh (KK),North,2,12508,0.16783086628661248,19.543534248399993,12.509448787005196,-4.450733203193987,23.44901989926447,18.998286696070483
Geographic region,29196010501691076420299004774,Bắc Ninh TT Quan trắc - phường Suối Hoa - TP Bắc Ninh (KK),North,2,12508,0.21297730498614853,19.006009003297496,12.375412884346487,-0.1096340511306769,23.44901989926447,23.339385848133794
Oracle true-tier,29196010501691076420299004774,Bắc Ninh TT Quan trắc - phường Suối Hoa - TP Bắc Ninh (KK),North,2,12508,0.36412120881951104,17.083799767572533,10.753972471151055,-2.5059833387508457,23.44901989926447,20.943036560513626
Global XGBoost,29196021237696127337075448678,Bắc Ninh UBND xã Cao Đức - Gia Bình (KK),North,2,17547,0.012534505549594344,19.47006521820949,12.649219325140193,-9.414895115909303,25.404040137915313,15.98914502200601
Geographic region,29196021237696127337075448678,Bắc Ninh UBND xã Cao Đức - Gia Bình (KK),North,2,17547,0.22365595941749483,17.26368701032728,12.878254970261354,2.7183983741779816,25.404040137915313,28.122438512093296
Oracle true-tier,29196021237696127337075448678,Bắc Ninh UBND xã Cao Đức - Gia Bình (KK),North,2,17547,0.25508910389883777,16.910583972680918,10.766851230712602,-5.163435634722649,25.404040137915313,20.240604503192664
Global XGBoost,29203727697074312726675247132,"Thái Bình xã Thái Thọ, huyện Thái Thụy (KK)",North,1,19004,-0.20019277900761168,22.97345685845489,12.535097537615101,-9.188010032611997,17.12269792149021,7.934687888878217
Geographic region,29203727697074312726675247132,"Thái Bình xã Thái Thọ, huyện Thái Thụy (KK)",North,1,19004,-0.1450983637639225,22.439968425796987,13.348321386734005,-0.6491855642188256,17.12269792149021,16.47351235727139
Oracle true-tier,29203727697074312726675247132,"Thái Bình xã Thái Thọ, huyện Thái Thụy (KK)",North,1,19004,-0.10907724706333233,22.0842035985565,11.873447075845338,-6.347761712441057,17.12269792149021,10.774936209049157
Global XGBoost,29518839738601389925132404147,"Quảng Ninh Trung tâm văn hóa thể thao Cẩm Phả, đường Trần Phú, phường Cẩm Trung (KK)",North,0,16150,0.1615278882408292,6.813256018207228,4.2986978023933675,-1.3830770773467307,7.224428681114551,5.84135160376782
Geographic region,29518839738601389925132404147,"Quảng Ninh Trung tâm văn hóa thể thao Cẩm Phả, đường Trần Phú, phường Cẩm Trung (KK)",North,0,16150,0.1327646263959742,6.929132872091121,4.5119178022293465,-1.1031883095492192,7.224428681114551,6.121240371565332
Oracle true-tier,29518839738601389925132404147,"Quảng Ninh Trung tâm văn hóa thể thao Cẩm Phả, đường Trần Phú, phường Cẩm Trung (KK)",North,0,16150,0.08556292231321194,7.115203257672434,4.367147027296237,-2.1216076044305976,7.224428681114551,5.102821076683954
Global XGBoost,29518852005686198968139908531,Quảng Ninh Gần KCN Cái Lân (KK),North,0,13850,-0.1713873076100796,9.838847968252104,5.735217337633374,3.02964321203459,7.661958267148015,10.691601479182605
Geographic region,29518852005686198968139908531,Quảng Ninh Gần KCN Cái Lân (KK),North,0,13850,-0.055625081429316214,9.340042298524713,4.326933568551625,-0.17497963346019982,7.661958267148015,7.486978633687815
Oracle true-tier,29518852005686198968139908531,Quảng Ninh Gần KCN Cái Lân (KK),North,0,13850,-0.08005435242084147,9.447497779577487,4.288647266268926,-1.2678956490748712,7.661958267148015,6.394062618073144
Global XGBoost,29518872592252585279589451187,Quảng Ninh Km11 - Minh Thành (KK),North,1,14889,0.12574503991525288,12.2986369794104,6.79853928117654,-2.6566605687545137,10.231306353683928,7.574645784929413
Geographic region,29518872592252585279589451187,Quảng Ninh Km11 - Minh Thành (KK),North,1,14889,0.11316784483343645,12.386786322169993,6.747419354106005,-3.2959915135891604,10.231306353683928,6.935314840094767
Oracle true-tier,29518872592252585279589451187,Quảng Ninh Km11 - Minh Thành (KK),North,1,14889,0.1653120040075936,12.017109375170781,7.860468330057607,0.13645584490933196,10.231306353683928,10.36776219859326
Global XGBoost,29518885338952740244749551027,Quảng Ninh Nhuệ Hổ - Đông Triều (KK),North,0,14837,-0.1929823166893192,9.086066722745693,6.663541315411792,2.2842113021123236,9.366951661387072,11.651162963499395
Geographic region,29518885338952740244749551027,Quảng Ninh Nhuệ Hổ - Đông Triều (KK),North,0,14837,-0.12622827818385307,8.828199370364619,6.324703917149796,1.4432443946780789,9.366951661387072,10.810196056065152
Oracle true-tier,29518885338952740244749551027,Quảng Ninh Nhuệ Hổ - Đông Triều (KK),North,0,14837,-0.15797338453296628,8.951755407748962,5.788419610187546,-3.0144233260197986,9.366951661387072,6.352528335367275
Global XGBoost,29544533341424688633522251105,Gia Lai KCN Trà Đa - Tp Pleiku (KK),Central,1,16127,0.13967741425193891,12.82102165519557,8.190868622148411,1.368688119564907,12.060071203571649,13.428759323136557
Geographic region,29544533341424688633522251105,Gia Lai KCN Trà Đa - Tp Pleiku (KK),Central,1,16127,0.013650900097353591,13.728000863097643,7.528977959656776,-4.657841719744929,12.060071203571649,7.40222948382672
Oracle true-tier,29544533341424688633522251105,Gia Lai KCN Trà Đa - Tp Pleiku (KK),Central,1,16127,0.13920485215115486,12.824542367812244,7.658486105393751,-0.5443617067676354,12.060071203571649,11.515709496804014
Global XGBoost,29996239538320865599553202177,Tây Ninh Thị xã Trảng Bàng (KK),South,1,18743,-0.32810868837751617,9.993740537490217,8.094446308139364,6.013548032825403,12.208240319052447,18.221788351877848
Geographic region,29996239538320865599553202177,Tây Ninh Thị xã Trảng Bàng (KK),South,1,18743,-0.35932285721871526,10.110498540118266,7.988534516565586,5.34325632251336,12.208240319052447,17.551496641565805
Oracle true-tier,29996239538320865599553202177,Tây Ninh Thị xã Trảng Bàng (KK),South,1,18743,0.12497535646546443,8.11187786450402,5.572854080347955,0.26239186917599955,12.208240319052447,12.470632188228446
Global XGBoost,30991938797551443885460120607,"Sóc Trăng Sở TNMT - 16 Hùng Vương, P.6, Tp. Sóc Trăng (KK)",South,0,10228,-4.142571875935826,24.239955561661674,21.61795498151111,20.22530051293595,8.244858281188893,28.470158794124842
Geographic region,30991938797551443885460120607,"Sóc Trăng Sở TNMT - 16 Hùng Vương, P.6, Tp. Sóc Trăng (KK)",South,0,10228,0.0005044430704657099,10.686415795856467,5.584363452828914,-1.9991762380930052,8.244858281188893,6.245682043095888
Oracle true-tier,30991938797551443885460120607,"Sóc Trăng Sở TNMT - 16 Hùng Vương, P.6, Tp. Sóc Trăng (KK)",South,0,10228,-0.13231749771085854,11.374327884562764,6.661362505534294,-0.7222634055018656,8.244858281188893,7.522594875687028
Global XGBoost,31388836637198369136462150188,Bình Định Khuôn viên Cây xanh gần cầu chui đường Hoa Lư - TP. Quy Nhơn (KK),Central,1,19586,-0.7563456237804513,16.02252222979597,11.721822730087316,-10.64576860197358,18.478348774634945,7.832580172661363
Geographic region,31388836637198369136462150188,Bình Định Khuôn viên Cây xanh gần cầu chui đường Hoa Lư - TP. Quy Nhơn (KK),Central,1,19586,-0.5464974823706106,15.034898481006175,10.68416162243129,-8.17178241603633,18.478348774634945,10.306566358598616
Oracle true-tier,31388836637198369136462150188,Bình Định Khuôn viên Cây xanh gần cầu chui đường Hoa Lư - TP. Quy Nhơn (KK),Central,1,19586,-0.3335095605327709,13.961238884496408,10.036356440063464,-8.05599436538994,18.478348774634945,10.422354409245004
Global XGBoost,31388839920718814259329251882,"Bình Dương số 593 Đại lộ Bình Dương, P. Hiệp Thành (KK)",South,2,19488,-0.2011734561181111,18.388757733378633,12.402275851186273,-10.520189635882748,24.216021315681445,13.6958316797987
Geographic region,31388839920718814259329251882,"Bình Dương số 593 Đại lộ Bình Dương, P. Hiệp Thành (KK)",South,2,19488,-0.3010731862212983,19.13816925951084,13.030885317796791,-11.495406081645086,24.216021315681445,12.720615234036359
Oracle true-tier,31388839920718814259329251882,"Bình Dương số 593 Đại lộ Bình Dương, P. Hiệp Thành (KK)",South,2,19488,0.1876634929527169,15.122288302092242,10.41283109724964,-3.0065756581333867,24.216021315681445,21.20944565754806
Global XGBoost,31388851800421997746903202346,Đà Nẵng Khuôn viên trường ĐH sư phạm Đà Nẵng (KK),Central,2,19930,-0.8460940732034108,19.697021886099588,15.144102787458568,-14.416271030666985,23.598139769192176,9.181868738525187
Geographic region,31388851800421997746903202346,Đà Nẵng Khuôn viên trường ĐH sư phạm Đà Nẵng (KK),Central,2,19930,-0.925632063679422,20.11686529518797,15.584178725507579,-15.182458499129698,23.598139769192176,8.415681270062475
Oracle true-tier,31388851800421997746903202346,Đà Nẵng Khuôn viên trường ĐH sư phạm Đà Nẵng (KK),Central,2,19930,0.0961434579019822,13.782354183162623,9.765783828587969,-5.745948685367353,23.598139769192176,17.85219108382482
Global XGBoost,31388868531618872623864101418,Hải Dương UBND TP. Hải Dương - 106 Đường Trần Hưng Đạo (KK),North,3,19832,0.24208328104605648,25.91312272584001,15.673154531226059,-11.71587987318889,37.627695219846714,25.91181534665782
Geographic region,31388868531618872623864101418,Hải Dương UBND TP. Hải Dương - 106 Đường Trần Hưng Đạo (KK),North,3,19832,0.27989217806059996,25.25851258573002,15.390388348275492,-12.00512598453974,37.627695219846714,25.622569235306973
Oracle true-tier,31388868531618872623864101418,Hải Dương UBND TP. Hải Dương - 106 Đường Trần Hưng Đạo (KK),North,3,19832,0.622438516119223,18.28954285048625,11.82983257402233,-1.0031768728870978,37.627695219846714,36.62451834695961
Global XGBoost,31388883344354363840031242796,Hà Nam Công Viên Nam Cao - P.Quang Trung - TP. Phủ Lý (KK),North,3,19734,-0.5141961333691478,37.18824952728425,26.382446612681125,-25.993481080224825,39.19758587716631,13.204104796941488
Geographic region,31388883344354363840031242796,Hà Nam Công Viên Nam Cao - P.Quang Trung - TP. Phủ Lý (KK),North,3,19734,0.1367870939387822,28.078482482149578,17.694960605274467,-14.195633499631635,39.19758587716631,25.00195237753468
Oracle true-tier,31388883344354363840031242796,Hà Nam Công Viên Nam Cao - P.Quang Trung - TP. Phủ Lý (KK),North,3,19734,0.5457405470922545,20.368856881287403,13.229832547596164,-2.0166525721193436,39.19758587716631,37.18093330504697
Global XGBoost,31390903576425084107499649578,Hà Nội ĐHBK cổng Parabol đường Giải Phóng (KK),North,3,19835,0.460578625260323,27.273664329423635,18.040293121157188,-8.920081015984257,46.78008547517016,37.860004459185895
Geographic region,31390903576425084107499649578,Hà Nội ĐHBK cổng Parabol đường Giải Phóng (KK),North,3,19835,0.5234537567361774,25.63491846688009,16.839038183163105,-6.979116421767576,46.78008547517016,39.800969053402575
Oracle true-tier,31390903576425084107499649578,Hà Nội ĐHBK cổng Parabol đường Giải Phóng (KK),North,3,19835,0.5230958745746301,25.644542462826593,16.41344269456614,-9.363037978502394,46.78008547517016,37.41704749666776
Global XGBoost,31390908889087377344742439468,Hà Nội Công viên Nhân Chính - Khuất Duy Tiến (KK),North,3,19421,0.22115262054455453,20.69999586603194,14.333637460952396,-10.885169338649213,36.97820354255703,26.093034203907813
Geographic region,31390908889087377344742439468,Hà Nội Công viên Nhân Chính - Khuất Duy Tiến (KK),North,3,19421,0.1567681909818721,21.538604800069702,15.156539713689252,-12.08380888413359,36.97820354255703,24.894394658423433
Oracle true-tier,31390908889087377344742439468,Hà Nội Công viên Nhân Chính - Khuất Duy Tiến (KK),North,3,19421,0.480375264444308,16.907873327779853,12.079050652121252,1.2617295921580638,36.97820354255703,38.23993313471509
Global XGBoost,31390912357075263208060500522,HCM Khu Liên cơ quan Bộ Tài Nguyên và Môi Trường - số 20 Đ. Lý Chính Thắng (KK),South,2,19852,0.29904963877277635,10.471080370452041,7.73426308541199,0.08074053161616482,21.3460899707838,21.426830502399966
Geographic region,31390912357075263208060500522,HCM Khu Liên cơ quan Bộ Tài Nguyên và Môi Trường - số 20 Đ. Lý Chính Thắng (KK),South,2,19852,0.3147709333393074,10.352988928153064,7.241805373870416,-2.8606328042738434,21.3460899707838,18.485457166509956
Oracle true-tier,31390912357075263208060500522,HCM Khu Liên cơ quan Bộ Tài Nguyên và Môi Trường - số 20 Đ. Lý Chính Thắng (KK),South,2,19852,0.3016557760707249,10.45159647607877,7.5520139337652274,-1.7564906688116788,21.3460899707838,19.58959930197212
Global XGBoost,31390916083317566102523755051,HCM Đ. Lê Hữu Kiều - P. Bình Trưng Tây - Quận 2 (Ngã ba Lê Hữu Kiểu và Trương Văn Bang) (KK),South,2,19133,0.1712852381731369,12.41944311885653,8.525311282249103,-4.74864275523725,22.598651419014267,17.850008663777018
Geographic region,31390916083317566102523755051,HCM Đ. Lê Hữu Kiều - P. Bình Trưng Tây - Quận 2 (Ngã ba Lê Hữu Kiểu và Trương Văn Bang) (KK),South,2,19133,0.32329298722401556,11.222766415224033,7.758310082298228,-3.5580552930556073,22.598651419014267,19.04059612595866
Oracle true-tier,31390916083317566102523755051,HCM Đ. Lê Hữu Kiều - P. Bình Trưng Tây - Quận 2 (Ngã ba Lê Hữu Kiểu và Trương Văn Bang) (KK),South,2,19133,0.2930435727806807,11.470858139263905,8.23606324047678,-1.449988142414279,22.598651419014267,21.14866327659999
Global XGBoost,31390921469766835629621918251,Hưng Yên số 437 Nguyễn Văn Linh - Tp Hưng Yên (KK),North,3,19021,0.007835029889815215,36.045267356830486,22.871727698166,-20.403435488619497,43.191704195363016,22.788268706743526
Geographic region,31390921469766835629621918251,Hưng Yên số 437 Nguyễn Văn Linh - Tp Hưng Yên (KK),North,3,19021,0.0604763084075034,35.07600912389762,22.151070560513045,-19.19267955304762,43.191704195363016,23.999024642315405
Oracle true-tier,31390921469766835629621918251,Hưng Yên số 437 Nguyễn Văn Linh - Tp Hưng Yên (KK),North,3,19021,0.5941196346584895,23.054479821833063,14.805557442709574,-4.790807197804443,43.191704195363016,38.400896997558576
Global XGBoost,31390928700890512538630765099,Lâm Đồng Vườn hoa - đối diện THCS Lam Sơn - Phường 6 - TP Đà Lạt (KK),Central,1,18976,0.1379569163155443,19.20045831606384,10.746403033359458,-5.6728539251016326,18.083109359190555,12.410255434088924
Geographic region,31390928700890512538630765099,Lâm Đồng Vườn hoa - đối diện THCS Lam Sơn - Phường 6 - TP Đà Lạt (KK),Central,1,18976,0.3412960523256918,16.783875242619693,11.158998084695746,2.15412833871954,18.083109359190555,20.237237697910096
Oracle true-tier,31390928700890512538630765099,Lâm Đồng Vườn hoa - đối diện THCS Lam Sơn - Phường 6 - TP Đà Lạt (KK),Central,1,18976,0.044405128457867815,20.215477997187783,11.06259481336019,-7.37917856740274,18.083109359190555,10.703930791787815
Global XGBoost,31390932574706768021562473002,Long An UBND Tp Tân An - 76 Hùng Vương - P.2 (KK),South,2,19979,-0.24308513814162946,14.615164031686437,9.959990347260367,-8.666766214637484,21.171073797487363,12.504307582849878
Geographic region,31390932574706768021562473002,Long An UBND Tp Tân An - 76 Hùng Vương - P.2 (KK),South,2,19979,-0.7852281618920407,17.514595892642557,13.152511485229867,-12.886037631344328,21.171073797487363,8.285036166143033
Oracle true-tier,31390932574706768021562473002,Long An UBND Tp Tân An - 76 Hùng Vương - P.2 (KK),South,2,19979,0.12293405508149802,12.276353373227586,9.123561170615332,1.0296335698611625,21.171073797487363,22.200707367348524
Global XGBoost,31390939012620449761949792810,Ninh Thuận Công viên (bến xe cũ) - Đ. Thống Nhất - P. Thanh Sơn - TP Phan Rang (KK),Central,1,14295,0.10990583291041311,8.5684889994209,6.436179670431985,-0.19227228485443662,15.490996789087093,15.298724504232657
Geographic region,31390939012620449761949792810,Ninh Thuận Công viên (bến xe cũ) - Đ. Thống Nhất - P. Thanh Sơn - TP Phan Rang (KK),Central,1,14295,-0.003452494327404576,9.097764158089113,6.99508310934493,0.4053265884427701,15.490996789087093,15.896323377529864
Oracle true-tier,31390939012620449761949792810,Ninh Thuận Công viên (bến xe cũ) - Đ. Thống Nhất - P. Thanh Sơn - TP Phan Rang (KK),Central,1,14295,0.03069801014886364,8.941611945544393,6.777109066494078,-0.10531631935933526,15.490996789087093,15.385680469727758
Global XGBoost,31390944251495766704153049642,Quảng Nam Tiếp giáp Đ. Hùng Vương - KDC Đ. Hồ Xuân Hương (KK),Central,2,19014,0.019907705305824086,13.914161320400176,9.494895796653859,-5.860988839242386,20.06555416535185,14.204565326109462
Geographic region,31390944251495766704153049642,Quảng Nam Tiếp giáp Đ. Hùng Vương - KDC Đ. Hồ Xuân Hương (KK),Central,2,19014,0.1247533094068598,13.148880713545704,9.045843271987174,-3.8127611946437394,20.06555416535185,16.252792970708107
Oracle true-tier,31390944251495766704153049642,Quảng Nam Tiếp giáp Đ. Hùng Vương - KDC Đ. Hồ Xuân Hương (KK),Central,2,19014,0.23289482777950743,12.309800153115578,8.9218046659022,-0.5002582902605581,20.06555416535185,19.565295875091287
Global XGBoost,31390951371938979254287350314,Quảng Ngãi UBND P. Nguyễn Nghiêm - TP Quảng Ngãi (KK),Central,2,18799,-0.0163422939762623,25.12445746749749,15.310344676615635,-10.169426894707353,27.41243691153785,17.243010016830496
Geographic region,31390951371938979254287350314,Quảng Ngãi UBND P. Nguyễn Nghiêm - TP Quảng Ngãi (KK),Central,2,18799,-0.09734999349515427,26.106537530607554,15.452639156442485,-10.860304380162711,27.41243691153785,16.552132531375136
Oracle true-tier,31390951371938979254287350314,Quảng Ngãi UBND P. Nguyễn Nghiêm - TP Quảng Ngãi (KK),Central,2,18799,-0.1422864952710563,26.635706106366438,15.56579148185564,-9.814114417071188,27.41243691153785,17.598322494466657
Global XGBoost,31390957404024291365397346858,Thái Bình Cầu Thái Bình - Đ. Trần Thái Tông - P. Bồ Xuyên - TP Thái Bình (KK),North,3,19604,0.2897569739834033,28.79032153221221,18.256902700328652,-6.118448461555593,37.191192807590284,31.072744346034696
Geographic region,31390957404024291365397346858,Thái Bình Cầu Thái Bình - Đ. Trần Thái Tông - P. Bồ Xuyên - TP Thái Bình (KK),North,3,19604,0.29454742333272876,28.693064735592422,17.75205307074035,-8.136745837470254,37.191192807590284,29.054446970120033
Oracle true-tier,31390957404024291365397346858,Thái Bình Cầu Thái Bình - Đ. Trần Thái Tông - P. Bồ Xuyên - TP Thái Bình (KK),North,3,19604,0.43812654779615523,25.607211145699026,16.23376770526973,-4.8780555136824395,37.191192807590284,32.31313729390785
Global XGBoost,31390965631272148257054013994,Vũng Tàu Đ. Huyền Trân Công Chúa - Phường 8 - TP Vũng Tàu,South,1,20164,0.1399360059177981,7.482508420627097,5.411709174651546,-2.3917086338347042,14.669084928585598,12.277376294750894
Geographic region,31390965631272148257054013994,Vũng Tàu Đ. Huyền Trân Công Chúa - Phường 8 - TP Vũng Tàu,South,1,20164,0.23980277276742368,7.034690122234127,5.139360118340718,-1.5347300419950267,14.669084928585598,13.134354886590572
Oracle true-tier,31390965631272148257054013994,Vũng Tàu Đ. Huyền Trân Công Chúa - Phường 8 - TP Vũng Tàu,South,1,20164,-0.35121273337966263,9.378722705475544,6.979011451965389,-5.091285539620075,14.669084928585598,9.577799388965524
Global XGBoost,31570631866920915749872483233,Bình Định huyện Tuy Phước (KK),Central,1,9687,0.051142446073697,13.107018915708744,7.72950084575284,-3.7934780100517944,12.042943945493962,8.249465935442167
Geographic region,31570631866920915749872483233,Bình Định huyện Tuy Phước (KK),Central,1,9687,0.1879482222685691,12.125377746186683,7.4392230618145785,-0.3997264909461715,12.042943945493962,11.64321745454779
Oracle true-tier,31570631866920915749872483233,Bình Định huyện Tuy Phước (KK),Central,1,9687,0.16359163721590975,12.305877844680058,7.486673862400963,-0.6743855027795098,12.042943945493962,11.368558442714452
Global XGBoost,31616865099255512061948816121,Đà Nẵng Phạm Hùng (KK),Central,0,11414,-0.17107388360994302,13.358386422545998,9.8581124528168,5.1090318077945,7.246145820921674,12.355177628716174
Geographic region,31616865099255512061948816121,Đà Nẵng Phạm Hùng (KK),Central,0,11414,-0.46054762266082205,14.918313023030866,11.081442919495085,6.515076483234841,7.246145820921674,13.761222304156517
Oracle true-tier,31616865099255512061948816121,Đà Nẵng Phạm Hùng (KK),Central,0,11414,0.16124565656008338,11.305225917608078,5.942196135881517,-0.8015767931865814,7.246145820921674,6.444569027735094
Global XGBoost,31651502905690497791503780869,Thái Nguyên Sân vận động Gang thép - P Trung Thành - TP Thái Nguyên (KK),North,3,14937,-0.09778651067092059,46.207400440882125,29.724224958152796,-26.65319641315271,55.214377840262436,28.561181427109727
Geographic region,31651502905690497791503780869,Thái Nguyên Sân vận động Gang thép - P Trung Thành - TP Thái Nguyên (KK),North,3,14937,-0.2213924804637062,48.73940380070039,31.65455420215829,-29.70012823677413,55.214377840262436,25.514249603488306
Oracle true-tier,31651502905690497791503780869,Thái Nguyên Sân vận động Gang thép - P Trung Thành - TP Thái Nguyên (KK),North,3,14937,0.30148030645831236,36.85886169507989,23.479152814202155,-10.207547568048847,55.214377840262436,45.00683027221359
