stationId,stationName,latitude,longitude,ACAG_annual_mean,ACAG_monthly_clim_01,ACAG_monthly_clim_02,ACAG_monthly_clim_03,ACAG_monthly_clim_04,ACAG_monthly_clim_05,ACAG_monthly_clim_06,ACAG_monthly_clim_07,ACAG_monthly_clim_08,ACAG_monthly_clim_09,ACAG_monthly_clim_10,ACAG_monthly_clim_11,ACAG_monthly_clim_12
28505268571336961948594948504,Phú Thọ: đường Hùng Vương - Tp Việt Trì (KK),21.3385,105.367,37.48932464917501,43.88900184631348,36.707786560058594,36.019575119018555,30.2013201713562,40.58948230743408,36.261375427246094,35.74667310714722,31.266019821166992,31.259413242340088,32.799108028411865,39.816786766052246,55.31535339355469
28505272740301122608933325208,Đà Nẵng: 41 đường Lê Duẩn (KK),16.074,108.217,20.188695808251698,20.592869758605957,20.72780680656433,19.39439296722412,22.76239800453186,21.71579122543335,21.055648803710938,17.278258562088013,21.197006702423096,20.992461681365967,19.96553683280945,18.94571352005005,17.636464834213257
28915732959631398237539556920,Hà Nội: Khu vực Lăng Bác (KK),21.0356,105.833,37.83691187699636,49.121907234191895,36.44917058944702,37.18857717514038,30.294972896575928,40.40763568878174,29.823277473449707,31.787912845611572,29.66173791885376,34.66468906402588,36.63169765472412,43.46955585479736,54.541808128356934
31388836637198369136462150188,Bình Định: Khuôn viên Cây xanh gần cầu chui đường Hoa Lư - TP. Quy Nhơn (KK),13.7851,109.22,18.46587246656418,18.836087226867676,16.304649829864502,19.648066520690918,22.618435382843018,17.86610722541809,18.395153284072876,17.601507663726807,19.541278839111328,18.957940101623535,19.35132145881653,16.51771569252014,15.952206373214722
31388839920718814259329251882,"Bình Dương: số 593 Đại lộ Bình Dương, P. Hiệp Thành (KK)",10.9923,106.658,28.375114778677624,40.84623718261719,34.04155397415161,30.978867530822754,31.515416622161865,25.0457820892334,28.91932201385498,21.273225784301758,17.55862784385681,22.7064471244812,24.031872749328613,28.02862787246704,35.55539655685425
31388851800421997746903202346,Đà Nẵng: Khuôn viên trường ĐH sư phạm Đà Nẵng (KK),16.0622,108.159,22.181608696778614,21.614158868789673,21.22216510772705,24.22993230819702,26.615989685058594,25.23010540008545,22.917028427124023,19.85610842704773,22.44616174697876,23.622410774230957,20.078318119049072,20.862265586853027,17.484659910202026
31388883344354363840031242796,Hà Nam: Công Viên Nam Cao - P.Quang Trung - TP. Phủ Lý (KK),20.536,105.916,31.719123760859173,41.98483753204346,30.17928171157837,31.12576198577881,23.751094341278076,28.15387487411499,27.88447380065918,26.573989868164062,23.160407543182373,26.273157596588135,33.82786703109741,39.489901542663574,48.22483730316162
31390903576425084107499649578,Hà Nội: ĐHBK cổng Parabol đường Giải Phóng (KK),21.0052,105.842,37.83691187699636,49.121907234191895,36.44917058944702,37.18857717514038,30.294972896575928,40.40763568878174,29.823277473449707,31.787912845611572,29.66173791885376,34.66468906402588,36.63169765472412,43.46955585479736,54.541808128356934
31390908889087377344742439468,Hà Nội: Công viên Nhân Chính - Khuất Duy Tiến (KK),21.0031,105.795,41.274425427118935,50.5067138671875,37.61610126495361,39.45765495300293,44.74733352661133,43.160630226135254,32.537174224853516,34.38216495513916,33.81179428100586,37.369600772857666,38.22478532791138,45.207295417785645,58.2718563079834
31390912357075263208060500522,HCM: Khu Liên cơ quan Bộ Tài Nguyên và Môi Trường - số 20 Đ. Lý Chính Thắng (KK),10.7823,106.683,34.93416112661362,46.11119747161865,38.48303270339966,34.73393392562866,35.18757677078247,30.953994750976562,35.978389739990234,26.17036724090576,23.20361876487732,27.005038738250732,36.28884935379028,40.29828119277954,44.795652866363525
31390916083317566102523755051,HCM: Đ. Lê Hữu Kiều - P. Bình Trưng Tây - Quận 2 (Ngã ba Lê Hữu Kiểu và Trương Văn Bang) (KK),10.7832,106.753,34.68501925468445,44.71348285675049,38.43450927734375,36.500643253326416,34.009371757507324,32.92702674865723,36.98148965835571,29.146642208099365,23.56033420562744,28.224926948547363,32.0074257850647,38.39208459854126,41.322293758392334
31390921469766835629621918251,Hưng Yên: số 437 Nguyễn Văn Linh - Tp Hưng Yên (KK),20.6618,106.059,32.281940857569374,41.17183303833008,30.15007972717285,32.2302303314209,25.91963815689087,33.01435041427612,27.898141860961914,26.325697898864746,24.854098796844482,26.174373626708984,32.92542314529419,39.14273166656494,47.57669162750244
31390928700890512538630765099,Lâm Đồng: Vườn hoa - đối diện THCS Lam Sơn - Phường 6 - TP Đà Lạt (KK),11.9527,108.43,19.78682017326355,20.549560546875,21.238911151885986,21.946566104888916,23.654741287231445,20.171809196472168,20.408331871032715,18.383465051651,18.426142930984497,18.39758801460266,19.73323106765747,16.963279008865356,17.56821584701538
31390932574706768021562473002,Long An: UBND Tp Tân An - 76 Hùng Vương - P.2 (KK),10.5391,106.405,24.40696934858958,30.878046989440918,28.59235191345215,22.70539951324463,29.917832851409912,24.982336044311523,21.709773540496826,18.781983852386475,18.218106269836426,21.604596614837646,19.530089378356934,24.361173152923584,31.60194206237793
31390939012620449761949792810,Ninh Thuận: Công viên (bến xe cũ) - Đ. Thống Nhất - P. Thanh Sơn - TP Phan Rang (KK),11.5736,108.992,22.4803373614947,22.217878818511963,15.989807367324829,22.810863971710205,25.571398735046387,21.858602046966553,28.578537940979004,22.449096202850342,22.5384783744812,29.939517974853516,22.341787815093994,17.956506729125977,17.51157236099243
31390944251495766704153049642,Quảng Nam: Tiếp giáp Đ. Hùng Vương - KDC Đ. Hồ Xuân Hương (KK),15.5621,108.487,20.422803560892742,22.099422454833984,19.96004295349121,22.722986221313477,23.19573163986206,20.77244544029236,20.6506986618042,17.64884877204895,23.020891666412354,22.462713718414307,18.94869375228882,17.804337978363037,15.786829471588135
31390951371938979254287350314,Quảng Ngãi: UBND P. Nguyễn Nghiêm - TP Quảng Ngãi (KK),15.121,108.804,18.254619578520458,17.741443872451782,16.547173738479614,19.230122327804565,19.925376176834106,17.67370915412903,18.765014171600342,15.972180604934692,21.87552499771118,20.173444271087646,17.359293222427368,17.485095739364624,16.307056665420532
31390957404024291365397346858,Thái Bình: Cầu Thái Bình - Đ. Trần Thái Tông - P. Bồ Xuyên - TP Thái Bình (KK),20.4578,106.344,28.7015167872111,38.265700340270996,26.758464336395264,28.256303310394287,26.85832977294922,28.696006774902344,23.797439098358154,23.419297218322754,18.878753662109375,21.85871982574463,31.407130241394043,33.6849570274353,42.537099838256836
31390965631272148257054013994,Vũng Tàu: Đ. Huyền Trân Công Chúa - Phường 8 - TP Vũng Tàu,10.4955,107.274,21.70946540435155,28.871902465820312,23.226487159729004,19.048573970794678,24.144333839416504,19.748559951782227,21.478410482406616,19.46771001815796,19.157174587249756,22.04965829849243,19.131181240081787,20.207906246185303,23.98168659210205
31388868531618872623864101418,Hải Dương: UBND TP. Hải Dương - 106 Đường Trần Hưng Đạo (KK),20.9381,106.336,33.032153487205505,42.2818341255188,30.530797481536865,32.46280097961426,30.194764137268066,33.50892639160156,29.54896593093872,28.71575117111206,26.05741834640503,26.90437936782837,32.143574237823486,35.70382118225098,48.33280849456787
31836631011116458146308623213,Gia Lai: Trạm Diên Phú (KK),13.9425,107.997,18.45869865020116,17.266438484191895,18.495094299316406,25.96838617324829,28.916165828704834,20.298261642456055,16.66713786125183,15.910221576690674,16.234736680984497,16.098191738128662,14.912835597991943,14.640275955200195,16.096637964248657
31570631866920915749872483233,Bình Định: huyện Tuy Phước (KK),13.7619,109.22,18.46587246656418,18.836087226867676,16.304649829864502,19.648066520690918,22.618435382843018,17.86610722541809,18.395153284072876,17.601507663726807,19.541278839111328,18.957940101623535,19.35132145881653,16.51771569252014,15.952206373214722
32226856627901174291787516193,Bắc Giang: Thôn Vĩnh An - xã Song Mai - TP. Bắc Giang (KK),21.3076,106.191,31.374149203300476,39.0803918838501,29.948297023773193,30.113008975982666,25.575857162475586,35.67584037780762,32.33335542678833,31.10759687423706,24.20003366470337,27.491926670074463,28.014453411102295,31.196919441223145,41.75210952758789
32226870949329422321657029896,Bắc Giang: Số 1 đ. Hùng Vương - P. Lê Lợi - TP. Bắc Giang (KK),21.2684,106.205,31.35777811209361,39.09722185134888,29.458434581756592,30.014177322387695,26.151742458343506,35.65849781036377,30.651053428649902,29.205318927764893,26.028048515319824,26.308844566345215,28.91687774658203,32.27471113204956,42.528409004211426
32364176301658391599618161719,Nam Định: Số 192 - Đ. Cù Chính Lan - P. Vị Xuyên ( Trạm nền ) (KK),20.4398,106.188,30.11772374312083,40.56370830535889,28.296440601348877,29.73283100128174,26.7150559425354,28.563556671142578,24.665875911712646,24.4111590385437,19.10547637939453,23.596452713012695,33.03615713119507,37.6636905670166,45.06228065490723
32364183997304919819454378150,Nam Định: Số 2 Trần Thánh Tông - P. Quang Trung (VT1) (KK),20.4378,106.176,30.11772374312083,40.56370830535889,28.296440601348877,29.73283100128174,26.7150559425354,28.563556671142578,24.665875911712646,24.4111590385437,19.10547637939453,23.596452713012695,33.03615713119507,37.6636905670166,45.06228065490723
32364190084730464143606411447,Nam Định: Thôn Vân Cát - P. Nam Vân - TP. Nam Định (VT2) (KK),20.3996,106.182,29.06383192539215,38.96716833114624,27.509814739227295,28.942062854766846,25.95703125,27.288228034973145,24.03179168701172,22.934770107269287,19.227720260620117,22.922825813293457,31.65975046157837,36.40308475494385,42.92173480987549
32364194875996560076825514951,Nam Định: Đường Trần Huy Liệu - P. Trường Thi (VT3) (KK),20.42,106.162,30.11772374312083,40.56370830535889,28.296440601348877,29.73283100128174,26.7150559425354,28.563556671142578,24.665875911712646,24.4111590385437,19.10547637939453,23.596452713012695,33.03615713119507,37.6636905670166,45.06228065490723
32364200193546216536440697093,Nam Định: Lô 29 - đ. Trương Hán Siêu - P. Lộc Hòa (VT4) (KK),20.4357,106.156,30.11772374312083,40.56370830535889,28.296440601348877,29.73283100128174,26.7150559425354,28.563556671142578,24.665875911712646,24.4111590385437,19.10547637939453,23.596452713012695,33.03615713119507,37.6636905670166,45.06228065490723
28916504310234840885489983032,Bắc Ninh: Khu liên cơ Thuận Thành - thị trấn Hồ (KK),21.0272,106.034,36.531856973965965,43.619258880615234,33.109468936920166,35.36386585235596,27.930935382843018,41.90482139587402,36.40199089050293,35.276363372802734,30.057602882385254,31.16117238998413,33.11817169189453,39.295888900756836,51.14274311065674
29544533341424688633522251105,Gia Lai: KCN Trà Đa - Tp Pleiku (KK),14.0177,108.035,18.765798270702362,18.112163066864014,18.33506441116333,24.74073076248169,27.147300720214844,18.643906354904175,18.195669174194336,16.173315286636353,17.35649561882019,17.347818851470947,16.511922359466553,15.240009546279907,17.385183095932007
30487895627496546123240481728,Gia lai: Chư Sê (KK),13.6987,108.076,17.375619014104206,16.422868251800537,16.68847107887268,21.10218381881714,26.08399534225464,17.229068994522095,16.700003147125244,15.304771900177002,17.83023953437805,16.521068572998047,16.448779344558716,13.088789463043213,15.087188720703125
29828513366380889034790000096,Hưng Yên: Nhà văn hóa xã Tân Quang - h.Văn Lâm (KK),20.9805,105.974,35.857003569602966,43.604796409606934,33.574997901916504,34.8790864944458,36.242486000061035,39.222270011901855,28.8555850982666,29.699939250946045,28.54787540435791,30.70501470565796,34.43903970718384,40.7137975692749,49.79915428161621
28599103930259709512833128161,Quảng Ninh: Phường Cẩm Thịnh - Cẩm Phả (KK),21.0065,107.344,19.92740414539973,31.514442443847656,24.156864643096924,22.618298530578613,22.74534797668457,13.983386039733887,9.989615440368652,11.141235113143921,13.014406204223633,15.895400524139404,22.251405715942383,24.236215114593506,27.582231998443604
29996239538320865599553202177,Tây Ninh: Thị xã Trảng Bàng (KK),11.0303,106.356,24.72294686237971,29.55211353302002,28.609675884246826,26.337182998657227,30.543972969055176,24.497893810272217,19.94099497795105,20.18431067466736,18.293211698532104,20.509994506835938,22.671313762664795,26.957961559295654,28.576735973358154
29203727697074312726675247132,"Thái Bình: xã Thái Thọ, huyện Thái Thụy (KK)",20.4616,106.517,24.34772362311681,33.94898748397827,23.88423252105713,23.8497052192688,24.616587162017822,20.801818370819092,19.7457754611969,19.71963930130005,16.968412399291992,18.087814807891846,26.959967136383057,28.098631858825684,35.491111755371094
30921862678974937849512304668,Trà Vinh: Tp. Trà Vinh (KK),9.92389,106.34,20.63300124804179,26.80272388458252,23.794828414916992,18.149162769317627,24.537832736968994,19.640273809432983,17.846778392791748,18.172173023223877,16.481773853302002,19.581335306167603,16.74386501312256,21.23665714263916,24.6086106300354
29098314940209976158571475636,"Trà Vinh: xã Dân Thành, TX Duyên Hải (KK)",9.59914,106.52,15.167065223058065,17.40850043296814,15.72720980644226,15.093329906463623,15.704973220825195,14.45274019241333,13.457565546035767,14.060259103775024,11.759879112243652,16.339662790298462,15.344043254852295,15.57754373550415,17.079075574874878
29098319146067624969113973428,"Trà Vinh: xã Đông Hải, huyện Duyên Hải (KK)",9.57555,106.488,17.54143190383911,22.51877212524414,19.51016855239868,13.929362297058105,17.008629322052002,18.30521249771118,16.151673078536987,16.08954429626465,13.663583517074585,18.52463984489441,17.305691480636597,17.23847770690918,20.25142812728882
28560877461938780203765592307,Hà Nội: 556 Nguyễn Văn Cừ (KK),21.0491,105.883,37.83691187699636,49.121907234191895,36.44917058944702,37.18857717514038,30.294972896575928,40.40763568878174,29.823277473449707,31.787912845611572,29.66173791885376,34.66468906402588,36.63169765472412,43.46955585479736,54.541808128356934
31651502905690497791503780869,Thái Nguyên: Sân vận động Gang thép - P Trung Thành - TP Thái Nguyên (KK),21.5391,105.872,31.523852229118347,39.22606182098389,32.028682231903076,31.293662548065186,27.942142486572266,32.90431070327759,32.28104305267334,30.688971996307373,26.166104793548584,26.78883409500122,26.724767684936523,31.061312198638916,41.18033313751221
31616865099255512061948816121,Đà Nẵng: Phạm Hùng (KK),15.9961,108.207,21.445134103298187,21.44469690322876,20.192331552505493,22.545588970184326,24.974437713623047,25.45117950439453,23.425926685333252,18.80777597427368,23.965869903564453,21.651042461395264,19.21478533744812,19.64135456085205,16.02661967277527
30991938797551443885460120607,"Sóc Trăng: Sở TNMT - 16 Hùng Vương, P.6, Tp. Sóc Trăng (KK)",9.61358,105.968,21.496553401152294,30.341057300567627,23.415267944335938,19.277126789093018,27.95396900177002,26.163827896118164,16.720849752426147,16.895781755447388,14.919935703277588,19.714428663253784,15.949721336364746,21.35000467300415,25.256669998168945
30668578626453200136007481288,"Vĩnh Long: UBND tỉnh, đường Hoàng Thái Hiếu (KK)",10.2513,105.947,22.31222911675771,27.87258243560791,28.06501054763794,22.731231212615967,27.17784547805786,20.47401452064514,19.655545473098755,18.63851022720337,16.229448080062866,17.6148521900177,18.642123699188232,25.150291919708252,25.495293617248535
28602837126985114455002404577,Quảng Ninh: UBND TP Uông Bí (KK),21.0358,106.764,37.025083223978676,43.709797859191895,36.913572788238525,40.613986015319824,41.99399375915527,37.265570640563965,32.17245817184448,32.054272174835205,30.97191619873047,31.05676555633545,34.3068413734436,36.26739501953125,46.9744291305542
29996225242094208443243751425,Tây Ninh: Phường 3 - TP. Tây Ninh (KK),11.3277,106.104,21.41182533899943,27.21967649459839,25.965070247650146,28.6082763671875,26.415229320526123,20.266655445098877,17.87013053894043,19.04046106338501,15.05829668045044,18.689969062805176,18.90759825706482,18.08697009086609,20.813570499420166
29936546593921360616662752773,Hưng Yên: Trạm khí xung quanh KCN Thăng long II (KK),20.6617,106.059,32.281940857569374,41.17183303833008,30.15007972717285,32.2302303314209,25.91963815689087,33.01435041427612,27.898141860961914,26.325697898864746,24.854098796844482,26.174373626708984,32.92542314529419,39.14273166656494,47.57669162750244
29541549672804486395063249961,Gia Lai: UBND thị xã An Khê (KK),13.9539,108.656,17.87263609965642,19.092320203781128,17.00836443901062,19.77808666229248,22.904232501983643,16.811177253723145,16.790138244628906,16.009268760681152,18.628649473190308,19.350722789764404,17.95246148109436,14.894532203674316,15.251679182052612
29518885338952740244749551027,Quảng Ninh: Nhuệ Hổ - Đông Triều (KK),21.07,106.556,28.518777946631115,39.30092430114746,28.786481857299805,27.032130241394043,23.608684062957764,22.50381851196289,22.61774754524231,23.510939121246338,22.449543476104736,24.522332191467285,31.300270557403564,32.80275058746338,43.78971290588379
29518872592252585279589451187,Quảng Ninh: Km11 - Minh Thành (KK),21.0062,106.859,24.80319796005885,34.4086594581604,27.530765056610107,28.77306079864502,29.327609062194824,21.74028778076172,17.056915521621704,17.035733699798584,18.254461765289307,18.005958557128906,23.80582284927368,26.77834129333496,34.92075967788696
29518862280522648049760863667,Quảng Ninh: UBND huyện Hải Hà (KK),21.4528,107.76,21.788759350776672,34.39565420150757,26.679636001586914,26.870249271392822,25.667292594909668,16.178951025009155,12.019558906555176,12.468178272247314,13.506080150604248,16.763060331344604,21.986571788787842,24.380241870880127,30.54963779449463
29518852005686198968139908531,Quảng Ninh: Gần KCN Cái Lân (KK),20.9725,107.044,21.72188949584961,33.039976596832275,24.20481824874878,24.0559024810791,23.344056367874146,16.754135608673096,12.164873838424683,12.268032789230347,12.085910558700562,19.33580207824707,24.587419986724854,26.590641498565674,32.23110389709473
29518839738601389925132404147,"Quảng Ninh: Trung tâm văn hóa thể thao Cẩm Phả, đường Trần Phú, phường Cẩm Trung (KK)",21.0093,107.274,21.011146465937298,33.13405466079712,25.333462238311768,24.010241985321045,23.558207988739014,14.79281759262085,10.446510791778564,12.218798398971558,14.61876130104065,16.24595546722412,22.5822434425354,26.428095817565918,28.764607906341553
29196021237696127337075448678,Bắc Ninh: UBND xã Cao Đức - Gia Bình (KK),21.0832,106.281,34.2074290116628,42.07271766662598,31.34550714492798,32.86536121368408,28.50949001312256,39.70932722091675,33.915968894958496,32.059112548828125,26.536298274993896,29.00942087173462,32.51852035522461,34.956475257873535,46.99094867706299
29196010501691076420299004774,Bắc Ninh: TT Quan trắc - phường Suối Hoa - TP Bắc Ninh (KK),21.1873,106.074,35.4785170952479,42.52567672729492,32.736716747283936,34.155916690826416,27.605706691741943,39.05754613876343,35.66814088821411,32.741140365600586,28.405715942382812,31.104690551757812,33.89143657684326,38.23405170440674,49.61546611785889
28916774462801800655608897080,Bắc Ninh: UBND xã Xuân Lâm - Thuận Thành (KK),21.0243,106.017,36.531856973965965,43.619258880615234,33.109468936920166,35.36386585235596,27.930935382843018,41.90482139587402,36.40199089050293,35.276363372802734,30.057602882385254,31.16117238998413,33.11817169189453,39.295888900756836,51.14274311065674
30018605256279546654144260098,Lào Cai: KCN Tằng Loỏng - trạm số 2 (KK),22.2955,104.134,28.17998065551122,36.211647033691406,36.918339252471924,38.52154779434204,37.15939903259277,26.345086574554443,17.341516256332397,21.626501083374023,16.656635761260986,19.442177772521973,21.06181812286377,27.81174373626709,39.063355445861816
28916766954976962647717994040,"Bắc Ninh: UBND huyện Quế Võ, TT Phố Mới (KK)",21.1518,106.152,34.373046477635704,42.06509828567505,31.50801706314087,32.96120262145996,26.887449264526367,40.44388675689697,34.953725814819336,32.40952157974243,26.68992042541504,29.377476692199707,30.790687084197998,35.694634437561035,48.69493770599365
28916576381663936943098322488,Bắc Ninh: KCN Yên Phong (gần trạm cấp nước sạch) (KK),21.1968,105.993,37.60778325796127,44.71368980407715,33.40093660354614,36.48677730560303,29.117127180099487,41.94775152206421,37.07584762573242,37.62757396697998,31.408631801605225,35.407719135284424,33.9442343711853,40.17723560333252,49.98587417602539
28916745851901742294496599608,Bắc Ninh: KCN Tiên Sơn (Trạm cấp nước sạch KCN) - Từ Sơn (KK),21.1194,105.99,37.60778325796127,44.71368980407715,33.40093660354614,36.48677730560303,29.117127180099487,41.94775152206421,37.07584762573242,37.62757396697998,31.408631801605225,35.407719135284424,33.9442343711853,40.17723560333252,49.98587417602539
28602897318711027016899843809,Quảng Ninh: Nhà máy tuyển than Nam Cầu Trắng - Hạ Long (KK),20.9454,107.131,20.763853748639423,32.973745346069336,23.663743019104004,22.894896030426025,22.051231861114502,15.103313446044922,10.745164632797241,11.619479656219482,13.733642816543579,17.527401447296143,24.155205726623535,24.996599197387695,29.70182180404663
28602553176253587650986727137,Quảng Ninh: UBND phường Mạo Khê - Đông Triều (KK),21.0585,106.598,28.518777946631115,39.30092430114746,28.786481857299805,27.032130241394043,23.608684062957764,22.50381851196289,22.61774754524231,23.510939121246338,22.449543476104736,24.522332191467285,31.300270557403564,32.80275058746338,43.78971290588379
28601787986862666164115166945,Quảng Ninh: Văn phòng C.ty than Khe Chàm - Tp Cẩm Phả (KK),21.0652,107.326,19.92740414539973,31.514442443847656,24.156864643096924,22.618298530578613,22.74534797668457,13.983386039733887,9.989615440368652,11.141235113143921,13.014406204223633,15.895400524139404,22.251405715942383,24.236215114593506,27.582231998443604
28601309072493024807602706145,Quảng Ninh: phường Cao Xanh  - Hạ Long (KK),20.9797,107.087,21.72188949584961,33.039976596832275,24.20481824874878,24.0559024810791,23.344056367874146,16.754135608673096,12.164873838424683,12.268032789230347,12.085910558700562,19.33580207824707,24.587419986724854,26.590641498565674,32.23110389709473
32496602817040565458030689725,"Hà Nội: 79 Văn Tiến Dũng, Tây Tựu (LCS)",21.0608,105.749,41.274425427118935,50.5067138671875,37.61610126495361,39.45765495300293,44.74733352661133,43.160630226135254,32.537174224853516,34.38216495513916,33.81179428100586,37.369600772857666,38.22478532791138,45.207295417785645,58.2718563079834
32496693563219291690449469264,Hải Phòng: Trụ sở ủy ban xã Phạm Sư Mạnh cũ (LCS),21.0272,106.509,28.518777946631115,39.30092430114746,28.786481857299805,27.032130241394043,23.608684062957764,22.50381851196289,22.61774754524231,23.510939121246338,22.449543476104736,24.522332191467285,31.300270557403564,32.80275058746338,43.78971290588379
32497734637638860594066758096,Thái Nguyên: Trung Tâm Hành Chính Công Xã Đồng Hỷ (LCS),21.5761,106.503,26.49637806415558,35.55057764053345,29.327060222625732,31.365883827209473,31.276500701904297,22.00027108192444,21.314908981323242,20.773685455322266,19.82984447479248,21.65401005744934,22.763689041137695,26.07609462738037,36.02401065826416
32497836911670612380284465171,Thái Nguyên: UBND Xã Quang Sơn (LCS),21.6959,105.864,30.451041618982952,39.042354583740234,32.370426654815674,31.17044734954834,25.887872219085693,27.27622079849243,29.073156356811523,29.680240154266357,24.996924877166748,26.43388843536377,27.646904468536377,30.44884967803955,41.38521385192871
32497696449863912939996438674,"Hà Nội: 79 Văn Tiến Dũng, Tây Tựu 2 (LCS)",21.0608,105.749,41.274425427118935,50.5067138671875,37.61610126495361,39.45765495300293,44.74733352661133,43.160630226135254,32.537174224853516,34.38216495513916,33.81179428100586,37.369600772857666,38.22478532791138,45.207295417785645,58.2718563079834
32496627929703877431864819302,Hà Nội: UBND xã Ngọc Liệp (LCS),20.9968,105.596,37.65066643555959,44.443053245544434,35.62830686569214,36.35062551498413,51.84475564956665,37.69685745239258,30.61794090270996,32.589903831481934,30.3423113822937,29.58633852005005,32.79186534881592,40.30296802520752,49.613070487976074
32496584622031367061634346762,Hưng Yên: Cổng bảo vệ  ủy ban xã Như Quỳnh (LCS),20.9769,105.994,35.857003569602966,43.604796409606934,33.574997901916504,34.8790864944458,36.242486000061035,39.222270011901855,28.8555850982666,29.699939250946045,28.54787540435791,30.70501470565796,34.43903970718384,40.7137975692749,49.79915428161621
32496597338357575566293859742,"Hà Nội:TT Quan trắc môi trường miền Bắc, 556 Nguyễn Văn Cừ (LCS)",21.0487,105.882,37.83691187699636,49.121907234191895,36.44917058944702,37.18857717514038,30.294972896575928,40.40763568878174,29.823277473449707,31.787912845611572,29.66173791885376,34.66468906402588,36.63169765472412,43.46955585479736,54.541808128356934
32496608539373531178394552735,"Hà Nội: Tổng cục Biển và Hải đảo, Bộ Tài nguyên và Môi trường - 83 Nguyễn Chí Thanh(LCS)",21.0224,105.81,37.83691187699636,49.121907234191895,36.44917058944702,37.18857717514038,30.294972896575928,40.40763568878174,29.823277473449707,31.787912845611572,29.66173791885376,34.66468906402588,36.63169765472412,43.46955585479736,54.541808128356934
32496614298366895058622457929,Hà Nội: Công an xã Hoài Đức (LCS),21.0683,105.708,41.274425427118935,50.5067138671875,37.61610126495361,39.45765495300293,44.74733352661133,43.160630226135254,32.537174224853516,34.38216495513916,33.81179428100586,37.369600772857666,38.22478532791138,45.207295417785645,58.2718563079834
32496619672150063767061412126,"Hà Nội: Cột điện cổng phụ Trường tiểu học Phú Lãm, phường Phú Lương (LCS)",20.9436,105.754,38.89914218584696,47.58652591705322,36.58243417739868,36.305420875549316,53.94899320602417,37.051812171936035,29.999717235565186,32.03414726257324,29.447319984436035,30.914734363555908,35.43672466278076,43.328529357910156,54.15334701538086
32496631939608265457394360507,"Hà Nội: Trường tiểu học Minh Khai, P. Thanh Nhàn (LCS)",21.0045,105.853,37.83691187699636,49.121907234191895,36.44917058944702,37.18857717514038,30.294972896575928,40.40763568878174,29.823277473449707,31.787912845611572,29.66173791885376,34.66468906402588,36.63169765472412,43.46955585479736,54.541808128356934
32496634188432693119199539147,Hà Nội: UBND xã Trần Phú (LCS),20.8327,105.671,37.27765882015228,44.74350881576538,35.11826038360596,36.25710964202881,41.17788887023926,39.31887435913086,32.69538736343384,33.537304401397705,30.41702890396118,29.919540405273438,33.36942720413208,40.5650520324707,50.212523460388184
32497722117136617634216524795,Hải Phòng: Cổng bảo vệ trường tiểu học phả lại phường Chí Linh (LCS),21.1126,106.333,30.338640769322712,39.187649726867676,29.149231910705566,30.18241596221924,27.51894235610962,30.756356239318848,27.454043865203857,26.57191038131714,26.50593852996826,24.29954719543457,29.126558780670166,31.277440071105957,42.03365421295166
32497686304154672399743049842,Hà Nội: UBND xã Chương Dương (LCS),20.8632,105.917,34.519389828046165,42.971633434295654,32.87954092025757,35.09821271896362,28.72604274749756,36.89598369598389,30.18449354171753,29.36306619644165,28.265722274780273,29.193641662597656,32.45001792907715,39.37170219421387,48.83262062072754
32496644961331232165577682920,Hà Nội: Ban chỉ huy Quân sự xã Phúc Thọ(LCS),21.1044,105.544,38.602181235949196,44.80003356933594,36.38898181915283,36.36993932723999,45.704636573791504,41.16560649871826,36.07412385940552,35.511900424957275,31.696645736694336,31.40303134918213,33.46018886566162,39.935001373291016,50.71608543395996
32497740397859994680382176275,Hải Phòng: Ban chỉ huy quân sự xã An Quang (LCS),20.8084,106.531,30.43141257762909,40.57689952850342,27.53727960586548,28.686373233795166,27.48442029953003,33.84713888168335,25.082664489746094,23.613187313079834,23.03919744491577,24.50705575942993,30.63188362121582,34.96433734893799,45.20651340484619
32497743881131035780167864566,Hải Phòng: Vọng gác công an phường Bạch Đằng (LCS),20.9915,106.706,29.28142197926839,40.08830499649048,28.66463613510132,28.757729530334473,27.915233612060547,26.098841190338135,21.386301040649414,22.376227855682373,23.200875282287598,23.791070461273193,31.957139492034912,32.00111198425293,45.13959217071533
32497745839288232378111853921,Hải Phòng: cột điện Phường Bạch Đằng (anh Vân - 098 9325417) (LCS),20.9618,106.749,29.28142197926839,40.08830499649048,28.66463613510132,28.757729530334473,27.915233612060547,26.098841190338135,21.386301040649414,22.376227855682373,23.200875282287598,23.791070461273193,31.957139492034912,32.00111198425293,45.13959217071533
32496640019282169742177968358,Hà Nội: UBND phường Quan Hoa (cũ)(LCS),21.0346,105.8,37.83691187699636,49.121907234191895,36.44917058944702,37.18857717514038,30.294972896575928,40.40763568878174,29.823277473449707,31.787912845611572,29.66173791885376,34.66468906402588,36.63169765472412,43.46955585479736,54.541808128356934
32496599090403802522844462004,Hưng Yên: Nhà văn hoá thế thôn Hồng Cầu (LCS),20.9615,106.021,35.78220069408417,43.20401573181152,32.727102279663086,35.15472173690796,26.52881145477295,40.42145109176636,34.04181385040283,32.28613090515137,30.122403621673584,29.513638973236084,34.56394815444946,38.99425411224365,51.82811641693115
32496635793299427531930529746,"Hà Nội: Cổng Trường tiểu học Thịnh Hào, phường Ô Chợ Dừa(LCS)",21.0188,105.829,37.83691187699636,49.121907234191895,36.44917058944702,37.18857717514038,30.294972896575928,40.40763568878174,29.823277473449707,31.787912845611572,29.66173791885376,34.66468906402588,36.63169765472412,43.46955585479736,54.541808128356934
32496648232690046548195134965,Hà Nội: UBND TT Phùng(LCS),21.0833,105.669,40.85896193981171,47.13966178894043,37.59873867034912,38.06167268753052,59.162044525146484,42.54372024536133,34.91889572143555,35.772878646850586,31.634265422821045,33.227078914642334,34.667574882507324,42.635616302490234,52.94539546966553
32496649796320141677664228873,Hà Nội: UBND xã Chuyên Mỹ(LCS),20.6957,105.899,35.047316471735634,43.80521202087402,31.15816831588745,33.83053159713745,37.17272710800171,32.14538908004761,33.88155937194824,29.617117404937744,28.174996376037598,29.031429290771484,32.194429874420166,41.75388717651367,47.80235004425049
32496654659036040237005110994,"Hà Nội: Trường mầm non B, Ngọc Hồi(LCS)",20.9242,105.834,36.22181683778763,45.73779106140137,35.03306770324707,34.012911319732666,41.71035194396973,35.75148868560791,27.1731595993042,28.836111545562744,26.59588313102722,30.727962493896484,34.254666328430176,42.01334190368652,52.81506633758545
32496656699585544717774158962,Hà Nội: UBND phường Định Công(LCS),20.9777,105.822,36.22181683778763,45.73779106140137,35.03306770324707,34.012911319732666,41.71035194396973,35.75148868560791,27.1731595993042,28.836111545562744,26.59588313102722,30.727962493896484,34.254666328430176,42.01334190368652,52.81506633758545
32496659849795661849369859648,"Hà Nội: Nhà bảo vệ Trường THCS Tây Đằng, xã Quảng Oai(LCS)",21.1959,105.428,35.049423356850944,43.69948101043701,36.04338598251343,36.28394317626953,27.49784231185913,36.2286114692688,32.148953437805176,32.90832757949829,28.65083909034729,29.680938243865967,31.11973476409912,38.174556732177734,48.156466484069824
32497674830731204969056502556,Hà Nội: UBND xã Thanh Thuỳ (LCS),20.8707,105.806,37.969918608665466,45.21975088119507,33.701982498168945,35.05418348312378,54.53727674484253,35.68344020843506,33.648301124572754,31.193274974822998,30.012837886810303,31.52827024459839,33.04189348220825,42.549832344055176,49.467979431152344
32497682732178779599258375030,Hà Nội: UBND phường Hoàng Liệt(LCS),20.9662,105.838,36.22181683778763,45.73779106140137,35.03306770324707,34.012911319732666,41.71035194396973,35.75148868560791,27.1731595993042,28.836111545562744,26.59588313102722,30.727962493896484,34.254666328430176,42.01334190368652,52.81506633758545
32497684349251147003185136481,Hà Nội: Tường rào -Trước cổng bảo vệ UBND phường Long Biên (LCS),21.0233,105.906,37.34399696191152,45.54138469696045,34.32939910888672,37.26636743545532,29.007877826690674,42.38125514984131,32.037922382354736,32.76331186294556,29.831488609313965,35.09093379974365,35.87081480026245,42.07580280303955,51.93140506744385
32497689422265798936416998264,"Hà Nội: Cổng 3, Bộ Tài nguyên và Môi trường, 10 Tôn Thất Thuyết (LCS)",21.028,105.783,41.274425427118935,50.5067138671875,37.61610126495361,39.45765495300293,44.74733352661133,43.160630226135254,32.537174224853516,34.38216495513916,33.81179428100586,37.369600772857666,38.22478532791138,45.207295417785645,58.2718563079834
32497693512462826621189636013,"Hà Nội: Nhà bảo vệ Cung thể thao tổng hợp Quần Ngựa (phố Văn Cao), Phường Liễu Giai, quận Ba Đình (LCS)",21.0407,105.816,37.83691187699636,49.121907234191895,36.44917058944702,37.18857717514038,30.294972896575928,40.40763568878174,29.823277473449707,31.787912845611572,29.66173791885376,34.66468906402588,36.63169765472412,43.46955585479736,54.541808128356934
32497698154816065885508975523,"Hà Nội: Cục Viễn Thám quốc gia, Bộ Tài nguyên và Môi trường số 79 Văn Tiến Dũng (LCS)",21.0608,105.749,41.274425427118935,50.5067138671875,37.61610126495361,39.45765495300293,44.74733352661133,43.160630226135254,32.537174224853516,34.38216495513916,33.81179428100586,37.369600772857666,38.22478532791138,45.207295417785645,58.2718563079834
32497715505350541081963258104,"Hải Phòng: Cổng bảo vệ, ủy ban xã Nguyễn Lương Bằng (LCS)",20.8345,106.221,33.23922701676687,42.672447204589844,30.51103401184082,32.18871068954468,28.909794807434082,36.79675054550171,32.39930820465088,28.90696954727173,25.148778915405273,26.881030082702637,32.26743793487549,35.99998378753662,46.18847846984863
32496615589638980218291071052,Hưng Yên: Tường trước mặt nhà Văn hóa Phong Cốc (LCS),20.9201,106.138,35.091368754704796,42.93387508392334,32.110907554626465,34.03582811355591,27.527204990386963,40.013916969299316,36.32948160171509,31.79426670074463,27.976542472839355,28.835626125335693,33.463120460510254,36.65778732299805,49.41786766052246
32496646519546184688745583087,Hà Nội: Viện hàn lâm Khoa học và Công nghệ - 18 Hoàng Quốc Việt - Phường Nghĩa Đô(LCS),21.0464,105.802,37.83691187699636,49.121907234191895,36.44917058944702,37.18857717514038,30.294972896575928,40.40763568878174,29.823277473449707,31.787912845611572,29.66173791885376,34.66468906402588,36.63169765472412,43.46955585479736,54.541808128356934
32496653072616049897983672014,"Hà Nội: TT văn hoá thể thao Ninh Hiệp, xã Ninh Hiệp(LCS)",21.0787,105.945,37.34399696191152,45.54138469696045,34.32939910888672,37.26636743545532,29.007877826690674,42.38125514984131,32.037922382354736,32.76331186294556,29.831488609313965,35.09093379974365,35.87081480026245,42.07580280303955,51.93140506744385
32496658274959142730665276769,Hà Nội: UBND xã Song Phương(LCS),21.0174,105.697,40.85896193981171,47.13966178894043,37.59873867034912,38.06167268753052,59.162044525146484,42.54372024536133,34.91889572143555,35.772878646850586,31.634265422821045,33.227078914642334,34.667574882507324,42.635616302490234,52.94539546966553
32497687835845808597395559285,Hà Nội: UBND xã Quang Minh (LCS),21.1781,105.729,40.777174870173134,46.28409767150879,35.743245124816895,37.39310550689697,43.973387241363525,43.363901138305664,38.74507236480713,37.73216724395752,35.06478786468506,38.972426414489746,35.42084550857544,42.64680290222168,53.98625946044922
32497691894129504813496914814,Hà Nội: Nhà bảo vệ UBND xã Phúc Thịnh (LCS),21.1775,105.839,37.08068960905075,45.158138275146484,34.19949722290039,36.48949861526489,26.902872323989868,40.97625684738159,35.896138191223145,35.48913526535034,31.697325229644775,35.61162614822388,33.77762269973755,39.628241539001465,49.14192295074463
32497713513553527537986241519,"Hải Phòng: Cổng bảo vệ trường tiểu học Tử Lạc, phường Nhị Chiểu (LCS)",21.0337,106.597,28.518777946631115,39.30092430114746,28.786481857299805,27.032130241394043,23.608684062957764,22.50381851196289,22.61774754524231,23.510939121246338,22.449543476104736,24.522332191467285,31.300270557403564,32.80275058746338,43.78971290588379
32496578935958505757412009876,Hưng Yên: Cổng bảo vệ xã Phạm Ngũ Lão (trụ sở cũ xã Phù Ủng) (LCS),20.892,106.137,34.07279662291209,42.51768970489502,31.230934619903564,33.514456272125244,27.09520673751831,37.26934099197388,36.068819522857666,31.19901180267334,26.29327154159546,27.690628051757812,32.80404043197632,36.80113697052002,46.38902282714844
32496590242207758224773467210,Hải Phòng:  Địa điểm 2 của công an phường Phạm Sư Mạnh (LCS),21.0104,106.528,28.518777946631115,39.30092430114746,28.786481857299805,27.032130241394043,23.608684062957764,22.50381851196289,22.61774754524231,23.510939121246338,22.449543476104736,24.522332191467285,31.300270557403564,32.80275058746338,43.78971290588379
32496618056220078954907439411,Hưng Yên: Nhà văn hoá thôn Lường xã Thượng Hồng (LCS),20.9178,106.121,35.091368754704796,42.93387508392334,32.110907554626465,34.03582811355591,27.527204990386963,40.013916969299316,36.32948160171509,31.79426670074463,27.976542472839355,28.835626125335693,33.463120460510254,36.65778732299805,49.41786766052246
32496621120052989448308754893,"Lạng Sơn: Cột điện đối diện nhà văn hóa khu Pha Lác, xã Chi Lăng (LCS)",21.5761,106.503,26.49637806415558,35.55057764053345,29.327060222625732,31.365883827209473,31.276500701904297,22.00027108192444,21.314908981323242,20.773685455322266,19.82984447479248,21.65401005744934,22.763689041137695,26.07609462738037,36.02401065826416
32496634971884394546566271369,"Hải Phòng: Trạm thủy văn Do Nghi, phường Nam Triệu (LCS)",20.9378,106.764,29.28142197926839,40.08830499649048,28.66463613510132,28.757729530334473,27.915233612060547,26.098841190338135,21.386301040649414,22.376227855682373,23.200875282287598,23.791070461273193,31.957139492034912,32.00111198425293,45.13959217071533
32496670530460480527200245359,Hải Phòng: Phòng kinh tế môi trường - Ủy ban phường Bạch Đằng (LCS),20.9562,106.745,29.28142197926839,40.08830499649048,28.66463613510132,28.757729530334473,27.915233612060547,26.098841190338135,21.386301040649414,22.376227855682373,23.200875282287598,23.791070461273193,31.957139492034912,32.00111198425293,45.13959217071533
32496674426906599552653261962,Hải Phòng: Cổng bảo vệ trường mầm non Tam Hưng- phường Nam Triệu (LCS),20.9399,106.75,29.28142197926839,40.08830499649048,28.66463613510132,28.757729530334473,27.915233612060547,26.098841190338135,21.386301040649414,22.376227855682373,23.200875282287598,23.791070461273193,31.957139492034912,32.00111198425293,45.13959217071533
32496700750804852782040219324,Hải Phòng: ủy ban phường Phạm Sư Mạnh (LCS),21.0062,106.533,28.518777946631115,39.30092430114746,28.786481857299805,27.032130241394043,23.608684062957764,22.50381851196289,22.61774754524231,23.510939121246338,22.449543476104736,24.522332191467285,31.300270557403564,32.80275058746338,43.78971290588379
32497682375609562779368280919,Hải Phòng: Phòng bảo vệ trường mầm non Gia Đức- phường Bạch Đằng (LCS),20.9867,106.739,29.28142197926839,40.08830499649048,28.66463613510132,28.757729530334473,27.915233612060547,26.098841190338135,21.386301040649414,22.376227855682373,23.200875282287598,23.791070461273193,31.957139492034912,32.00111198425293,45.13959217071533
32497816774243732691318562431,"Lạng Sơn: Tường phía sau lưng nhà văn hóa khu Trung Thịnh, xã Chi Lăng (LCS)",21.5581,106.481,25.03929336865743,34.91204071044922,28.295193672180176,29.42776584625244,28.692826747894287,20.20318293571472,20.539430141448975,19.335209846496582,17.695610523223877,19.382399320602417,21.395561695098877,24.924527645111084,35.667771339416504
32497825983352144945122444532,"Ninh Bình: Cổng bảo vệ trạm bơm Hoành Uyển, phường Hà Nam (LCS)",20.6748,105.899,35.047316471735634,43.80521202087402,31.15816831588745,33.83053159713745,37.17272710800171,32.14538908004761,33.88155937194824,29.617117404937744,28.174996376037598,29.031429290771484,32.194429874420166,41.75388717651367,47.80235004425049
32497829304160538258698536470,Ninh Bình: UBND Phường Hà Nam (LCS),20.5831,105.928,31.719123760859173,41.98483753204346,30.17928171157837,31.12576198577881,23.751094341278076,28.15387487411499,27.88447380065918,26.573989868164062,23.160407543182373,26.273157596588135,33.82786703109741,39.489901542663574,48.22483730316162
32497832479169427549528529636,Ninh Bình: Đảng ủy - HĐND phường Hà Nam (LCS),20.5535,105.934,31.719123760859173,41.98483753204346,30.17928171157837,31.12576198577881,23.751094341278076,28.15387487411499,27.88447380065918,26.573989868164062,23.160407543182373,26.273157596588135,33.82786703109741,39.489901542663574,48.22483730316162
32497834813217474579076019998,Ninh Bình: Trung tâm Hành chính công Phường Đồng Văn (LCS),20.6415,105.902,33.739140590031944,42.83450174331665,30.514509201049805,33.23428153991699,25.472004890441895,31.79240131378174,31.725091457366943,28.841569900512695,28.309004306793213,28.364749908447266,33.65531301498413,42.58622646331787,47.5400333404541
32497839438874550478493036568,"Thái Nguyên: Trạm quan trắc nước tại đập Ba Đa, phường Cam Giá (LCS)",21.5683,105.847,31.523852229118347,39.22606182098389,32.028682231903076,31.293662548065186,27.942142486572266,32.90431070327759,32.28104305267334,30.688971996307373,26.166104793548584,26.78883409500122,26.724767684936523,31.061312198638916,41.18033313751221
32497845274199713703151904970,Thái Nguyên: UBND Phường Gia Sàng (LCS),21.554,105.842,31.523852229118347,39.22606182098389,32.028682231903076,31.293662548065186,27.942142486572266,32.90431070327759,32.28104305267334,30.688971996307373,26.166104793548584,26.78883409500122,26.724767684936523,31.061312198638916,41.18033313751221
US_EMBASSY_HAN,US Embassy Hanoi - 7 Láng Hạ Ba Đình,21.0219,105.8188,37.83691187699636,49.121907234191895,36.44917058944702,37.18857717514038,30.294972896575928,40.40763568878174,29.823277473449707,31.787912845611572,29.66173791885376,34.66468906402588,36.63169765472412,43.46955585479736,54.541808128356934
US_CONSULATE_HCM,US Consulate HCMC - 4 Lê Duẩn District 1,10.7769,106.7009,34.68501925468445,44.71348285675049,38.43450927734375,36.500643253326416,34.009371757507324,32.92702674865723,36.98148965835571,29.146642208099365,23.56033420562744,28.224926948547363,32.0074257850647,38.39208459854126,41.322293758392334
