stationId,stationName,latitude,longitude,building_count_1km,building_area_1km,building_count_3km,building_area_3km
28505268571336961948594948504,Phú Thọ: đường Hùng Vương - Tp Việt Trì (KK),21.3385,105.367,7464,678896.5,45790,4693527.2
28505272740301122608933325208,Đà Nẵng: 41 đường Lê Duẩn (KK),16.074,108.217,24542,1381606.0,117427,7068170.2
28915732959631398237539556920,Hà Nội: Khu vực Lăng Bác (KK),21.0356,105.833,12801,902197.6,132721,8167757.9
31388836637198369136462150188,Bình Định: Khuôn viên Cây xanh gần cầu chui đường Hoa Lư - TP. Quy Nhơn (KK),13.7851,109.22,14069,695750.0,59122,3833865.8
31388839920718814259329251882,"Bình Dương: số 593 Đại lộ Bình Dương, P. Hiệp Thành (KK)",10.9923,106.658,11654,1002761.2,83660,7234363.2
31388851800421997746903202346,Đà Nẵng: Khuôn viên trường ĐH sư phạm Đà Nẵng (KK),16.0622,108.159,14839,1044518.2,105100,7395048.2
31388883344354363840031242796,Hà Nam: Công Viên Nam Cao - P.Quang Trung - TP. Phủ Lý (KK),20.536,105.916,11912,1036340.0,57930,4789949.5
31390903576425084107499649578,Hà Nội: ĐHBK cổng Parabol đường Giải Phóng (KK),21.0052,105.842,15685,1079641.9,180144,11050899.4
31390908889087377344742439468,Hà Nội: Công viên Nhân Chính - Khuất Duy Tiến (KK),21.0031,105.795,5162,673091.3,114969,8662492.4
31390912357075263208060500522,HCM: Khu Liên cơ quan Bộ Tài Nguyên và Môi Trường - số 20 Đ. Lý Chính Thắng (KK),10.7823,106.683,19372,1191166.3,180765,10938292.8
31390916083317566102523755051,HCM: Đ. Lê Hữu Kiều - P. Bình Trưng Tây - Quận 2 (Ngã ba Lê Hữu Kiểu và Trương Văn Bang) (KK),10.7832,106.753,9875,742088.4,51613,5061609.0
31390921469766835629621918251,Hưng Yên: số 437 Nguyễn Văn Linh - Tp Hưng Yên (KK),20.6618,106.059,7246,598127.1,42383,2962337.3
31390928700890512538630765099,Lâm Đồng: Vườn hoa - đối diện THCS Lam Sơn - Phường 6 - TP Đà Lạt (KK),11.9527,108.43,14328,1299741.1,73556,9155258.5
31390932574706768021562473002,Long An: UBND Tp Tân An - 76 Hùng Vương - P.2 (KK),10.5391,106.405,14792,1075335.5,67700,5370421.7
31390939012620449761949792810,Ninh Thuận: Công viên (bến xe cũ) - Đ. Thống Nhất - P. Thanh Sơn - TP Phan Rang (KK),11.5736,108.992,14579,1078769.6,75208,5056871.8
31390944251495766704153049642,Quảng Nam: Tiếp giáp Đ. Hùng Vương - KDC Đ. Hồ Xuân Hương (KK),15.5621,108.487,15938,1140437.1,69385,4739795.5
31390951371938979254287350314,Quảng Ngãi: UBND P. Nguyễn Nghiêm - TP Quảng Ngãi (KK),15.121,108.804,17749,1324588.6,79042,5730302.7
31390957404024291365397346858,Thái Bình: Cầu Thái Bình - Đ. Trần Thái Tông - P. Bồ Xuyên - TP Thái Bình (KK),20.4578,106.344,10705,933020.7,65988,5715086.5
31390965631272148257054013994,Vũng Tàu: Đ. Huyền Trân Công Chúa - Phường 8 - TP Vũng Tàu,10.4955,107.274,7128,515395.9,26374,1921007.4
31388868531618872623864101418,Hải Dương: UBND TP. Hải Dương - 106 Đường Trần Hưng Đạo (KK),20.9381,106.336,12969,937079.3,68676,5370836.9
31836631011116458146308623213,Gia Lai: Trạm Diên Phú (KK),13.9425,107.997,2116,203697.3,30521,2994148.4
31570631866920915749872483233,Bình Định: huyện Tuy Phước (KK),13.7619,109.22,11044,755845.6,56755,3701991.1
32226856627901174291787516193,Bắc Giang: Thôn Vĩnh An - xã Song Mai - TP. Bắc Giang (KK),21.3076,106.191,2855,188410.7,40910,2980948.1
32226870949329422321657029896,Bắc Giang: Số 1 đ. Hùng Vương - P. Lê Lợi - TP. Bắc Giang (KK),21.2684,106.205,6317,479200.4,56593,4308294.6
32364176301658391599618161719,Nam Định: Số 192 - Đ. Cù Chính Lan - P. Vị Xuyên ( Trạm nền ) (KK),20.4398,106.188,20596,1007265.7,82223,4751762.3
32364183997304919819454378150,Nam Định: Số 2 Trần Thánh Tông - P. Quang Trung (VT1) (KK),20.4378,106.176,18406,1008044.1,103617,6116988.5
32364190084730464143606411447,Nam Định: Thôn Vân Cát - P. Nam Vân - TP. Nam Định (VT2) (KK),20.3996,106.182,6637,319096.4,56448,3125317.8
32364194875996560076825514951,Nam Định: Đường Trần Huy Liệu - P. Trường Thi (VT3) (KK),20.42,106.162,26331,1379887.7,96884,6819336.7
32364200193546216536440697093,Nam Định: Lô 29 - đ. Trương Hán Siêu - P. Lộc Hòa (VT4) (KK),20.4357,106.156,10292,790402.9,93907,6403354.0
28916504310234840885489983032,Bắc Ninh: Khu liên cơ Thuận Thành - thị trấn Hồ (KK),21.0272,106.034,5133,439302.3,28705,2532009.3
29544533341424688633522251105,Gia Lai: KCN Trà Đa - Tp Pleiku (KK),14.0177,108.035,1680,432928.5,14979,1461964.1
30487895627496546123240481728,Gia lai: Chư Sê (KK),13.6987,108.076,8265,696444.9,23356,1863029.4
29828513366380889034790000096,Hưng Yên: Nhà văn hóa xã Tân Quang - h.Văn Lâm (KK),20.9805,105.974,6083,892628.5,45331,5284482.2
28599103930259709512833128161,Quảng Ninh: Phường Cẩm Thịnh - Cẩm Phả (KK),21.0065,107.344,7797,463730.3,26614,1776400.7
29996239538320865599553202177,Tây Ninh: Thị xã Trảng Bàng (KK),11.0303,106.356,7578,656834.9,35505,2976087.5
29203727697074312726675247132,"Thái Bình: xã Thái Thọ, huyện Thái Thụy (KK)",20.4616,106.517,1852,104138.1,22818,1382331.5
30921862678974937849512304668,Trà Vinh: Tp. Trà Vinh (KK),9.92389,106.34,10896,971828.0,50395,4367374.7
29098314940209976158571475636,"Trà Vinh: xã Dân Thành, TX Duyên Hải (KK)",9.59914,106.52,1196,140789.3,5479,769680.6
29098319146067624969113973428,"Trà Vinh: xã Đông Hải, huyện Duyên Hải (KK)",9.57555,106.488,1137,88551.7,3218,240166.7
28560877461938780203765592307,Hà Nội: 556 Nguyễn Văn Cừ (KK),21.0491,105.883,9870,872508.8,73659,5613257.0
31651502905690497791503780869,Thái Nguyên: Sân vận động Gang thép - P Trung Thành - TP Thái Nguyên (KK),21.5391,105.872,5849,594942.8,26071,2717510.4
31616865099255512061948816121,Đà Nẵng: Phạm Hùng (KK),15.9961,108.207,10070,731720.7,69361,4659815.6
30991938797551443885460120607,"Sóc Trăng: Sở TNMT - 16 Hùng Vương, P.6, Tp. Sóc Trăng (KK)",9.61358,105.968,8509,648582.5,50762,4070722.4
30668578626453200136007481288,"Vĩnh Long: UBND tỉnh, đường Hoàng Thái Hiếu (KK)",10.2513,105.947,5025,460338.2,51024,4265020.6
28602837126985114455002404577,Quảng Ninh: UBND TP Uông Bí (KK),21.0358,106.764,11091,812310.2,37740,2763206.9
29996225242094208443243751425,Tây Ninh: Phường 3 - TP. Tây Ninh (KK),11.3277,106.104,4700,451308.1,61261,5416418.9
29936546593921360616662752773,Hưng Yên: Trạm khí xung quanh KCN Thăng long II (KK),20.6617,106.059,7239,597334.5,42353,2961678.5
29541549672804486395063249961,Gia Lai: UBND thị xã An Khê (KK),13.9539,108.656,9268,769798.0,32518,2584832.8
29518885338952740244749551027,Quảng Ninh: Nhuệ Hổ - Đông Triều (KK),21.07,106.556,2815,274278.1,25781,1974921.7
29518872592252585279589451187,Quảng Ninh: Km11 - Minh Thành (KK),21.0062,106.859,4458,319533.4,12238,1082759.0
29518862280522648049760863667,Quảng Ninh: UBND huyện Hải Hà (KK),21.4528,107.76,3939,323207.5,12001,911545.4
29518852005686198968139908531,Quảng Ninh: Gần KCN Cái Lân (KK),20.9725,107.044,2161,306724.6,23554,2486442.2
29518839738601389925132404147,"Quảng Ninh: Trung tâm văn hóa thể thao Cẩm Phả, đường Trần Phú, phường Cẩm Trung (KK)",21.0093,107.274,19432,1130495.2,56913,3580331.0
29196021237696127337075448678,Bắc Ninh: UBND xã Cao Đức - Gia Bình (KK),21.0832,106.281,2112,151503.4,16908,1181701.2
29196010501691076420299004774,Bắc Ninh: TT Quan trắc - phường Suối Hoa - TP Bắc Ninh (KK),21.1873,106.074,7384,726050.4,54599,4353899.8
28916774462801800655608897080,Bắc Ninh: UBND xã Xuân Lâm - Thuận Thành (KK),21.0243,106.017,4042,415746.9,34963,2648682.3
30018605256279546654144260098,Lào Cai: KCN Tằng Loỏng - trạm số 2 (KK),22.2955,104.134,526,123743.8,2988,673296.7
28916766954976962647717994040,"Bắc Ninh: UBND huyện Quế Võ, TT Phố Mới (KK)",21.1518,106.152,4967,547528.3,25222,3222557.8
28916576381663936943098322488,Bắc Ninh: KCN Yên Phong (gần trạm cấp nước sạch) (KK),21.1968,105.993,4118,803644.6,23972,3096185.4
28916745851901742294496599608,Bắc Ninh: KCN Tiên Sơn (Trạm cấp nước sạch KCN) - Từ Sơn (KK),21.1194,105.99,3908,1173260.2,46525,6041039.1
28602897318711027016899843809,Quảng Ninh: Nhà máy tuyển than Nam Cầu Trắng - Hạ Long (KK),20.9454,107.131,7421,503537.5,33315,2215103.8
28602553176253587650986727137,Quảng Ninh: UBND phường Mạo Khê - Đông Triều (KK),21.0585,106.598,12946,866784.3,52710,3678964.5
28601787986862666164115166945,Quảng Ninh: Văn phòng C.ty than Khe Chàm - Tp Cẩm Phả (KK),21.0652,107.326,5327,318501.7,11507,925951.5
28601309072493024807602706145,Quảng Ninh: phường Cao Xanh  - Hạ Long (KK),20.9797,107.087,5704,421173.4,45669,2875298.1
32496602817040565458030689725,"Hà Nội: 79 Văn Tiến Dũng, Tây Tựu (LCS)",21.0608,105.749,5509,330744.5,56512,4880226.3
32496693563219291690449469264,Hải Phòng: Trụ sở ủy ban xã Phạm Sư Mạnh cũ (LCS),21.0272,106.509,3409,211957.6,25268,1725359.2
32497734637638860594066758096,Thái Nguyên: Trung Tâm Hành Chính Công Xã Đồng Hỷ (LCS),21.5761,106.503,1847,148198.8,6162,465341.8
32497836911670612380284465171,Thái Nguyên: UBND Xã Quang Sơn (LCS),21.6959,105.864,676,62030.9,5676,493596.4
32497696449863912939996438674,"Hà Nội: 79 Văn Tiến Dũng, Tây Tựu 2 (LCS)",21.0608,105.749,5509,330744.5,56512,4880226.3
32496627929703877431864819302,Hà Nội: UBND xã Ngọc Liệp (LCS),20.9968,105.596,2499,199215.8,27730,1962022.1
32496584622031367061634346762,Hưng Yên: Cổng bảo vệ  ủy ban xã Như Quỳnh (LCS),20.9769,105.994,5655,652600.5,53239,5438880.6
32496597338357575566293859742,"Hà Nội:TT Quan trắc môi trường miền Bắc, 556 Nguyễn Văn Cừ (LCS)",21.0487,105.882,10878,888656.7,73704,5552577.6
32496608539373531178394552735,"Hà Nội: Tổng cục Biển và Hải đảo, Bộ Tài nguyên và Môi trường - 83 Nguyễn Chí Thanh(LCS)",21.0224,105.81,15636,1165088.3,152014,10106022.1
32496614298366895058622457929,Hà Nội: Công an xã Hoài Đức (LCS),21.0683,105.708,9217,705170.6,58770,4380211.8
32496619672150063767061412126,"Hà Nội: Cột điện cổng phụ Trường tiểu học Phú Lãm, phường Phú Lương (LCS)",20.9436,105.754,8121,634838.0,55367,4320133.0
32496631939608265457394360507,"Hà Nội: Trường tiểu học Minh Khai, P. Thanh Nhàn (LCS)",21.0045,105.853,23053,1300811.0,150043,9671861.4
32496634188432693119199539147,Hà Nội: UBND xã Trần Phú (LCS),20.8327,105.671,4107,274826.4,25809,1865057.6
32497722117136617634216524795,Hải Phòng: Cổng bảo vệ trường tiểu học phả lại phường Chí Linh (LCS),21.1126,106.333,4441,456448.9,18194,1660050.6
32497686304154672399743049842,Hà Nội: UBND xã Chương Dương (LCS),20.8632,105.917,7692,457457.2,35897,2382299.0
32496644961331232165577682920,Hà Nội: Ban chỉ huy Quân sự xã Phúc Thọ(LCS),21.1044,105.544,7084,498753.5,35108,2399372.5
32497740397859994680382176275,Hải Phòng: Ban chỉ huy quân sự xã An Quang (LCS),20.8084,106.531,6946,428724.7,28692,2054772.9
32497743881131035780167864566,Hải Phòng: Vọng gác công an phường Bạch Đằng (LCS),20.9915,106.706,3244,177113.8,12165,894239.0
32497745839288232378111853921,Hải Phòng: cột điện Phường Bạch Đằng (anh Vân - 098 9325417) (LCS),20.9618,106.749,4639,401170.8,21738,1725476.7
32496640019282169742177968358,Hà Nội: UBND phường Quan Hoa (cũ)(LCS),21.0346,105.8,17828,1155438.3,121572,8947889.1
32496599090403802522844462004,Hưng Yên: Nhà văn hoá thế thôn Hồng Cầu (LCS),20.9615,106.021,4126,811106.5,44978,6048520.5
32496635793299427531930529746,"Hà Nội: Cổng Trường tiểu học Thịnh Hào, phường Ô Chợ Dừa(LCS)",21.0188,105.829,28175,1361901.4,164036,10457119.9
32496648232690046548195134965,Hà Nội: UBND TT Phùng(LCS),21.0833,105.669,8184,681165.6,41574,3583419.9
32496649796320141677664228873,Hà Nội: UBND xã Chuyên Mỹ(LCS),20.6957,105.899,2776,195111.3,20400,1316417.4
32496654659036040237005110994,"Hà Nội: Trường mầm non B, Ngọc Hồi(LCS)",20.9242,105.834,7835,436157.5,48996,3806472.0
32496656699585544717774158962,Hà Nội: UBND phường Định Công(LCS),20.9777,105.822,14833,951263.1,121585,8665450.5
32496659849795661849369859648,"Hà Nội: Nhà bảo vệ Trường THCS Tây Đằng, xã Quảng Oai(LCS)",21.1959,105.428,7471,509831.8,35509,2375868.3
32497674830731204969056502556,Hà Nội: UBND xã Thanh Thuỳ (LCS),20.8707,105.806,3414,286723.8,31094,2079722.8
32497682732178779599258375030,Hà Nội: UBND phường Hoàng Liệt(LCS),20.9662,105.838,7665,703096.9,87714,6593804.2
32497684349251147003185136481,Hà Nội: Tường rào -Trước cổng bảo vệ UBND phường Long Biên (LCS),21.0233,105.906,8829,773423.9,45290,3929489.9
32497689422265798936416998264,"Hà Nội: Cổng 3, Bộ Tài nguyên và Môi trường, 10 Tôn Thất Thuyết (LCS)",21.028,105.783,6842,785356.2,97039,8153269.5
32497693512462826621189636013,"Hà Nội: Nhà bảo vệ Cung thể thao tổng hợp Quần Ngựa (phố Văn Cao), Phường Liễu Giai, quận Ba Đình (LCS)",21.0407,105.816,18907,1121644.3,123218,8082606.8
32497698154816065885508975523,"Hà Nội: Cục Viễn Thám quốc gia, Bộ Tài nguyên và Môi trường số 79 Văn Tiến Dũng (LCS)",21.0608,105.749,5509,330744.5,56512,4880226.3
32497715505350541081963258104,"Hải Phòng: Cổng bảo vệ, ủy ban xã Nguyễn Lương Bằng (LCS)",20.8345,106.221,6167,373987.0,30678,1976184.9
32496615589638980218291071052,Hưng Yên: Tường trước mặt nhà Văn hóa Phong Cốc (LCS),20.9201,106.138,4478,425492.8,37741,3557903.9
32496646519546184688745583087,Hà Nội: Viện hàn lâm Khoa học và Công nghệ - 18 Hoàng Quốc Việt - Phường Nghĩa Đô(LCS),21.0464,105.802,14501,1045580.6,109626,7856115.4
32496653072616049897983672014,"Hà Nội: TT văn hoá thể thao Ninh Hiệp, xã Ninh Hiệp(LCS)",21.0787,105.945,10918,1044298.0,40189,3785083.1
32496658274959142730665276769,Hà Nội: UBND xã Song Phương(LCS),21.0174,105.697,6350,394424.5,39188,2993739.3
32497687835845808597395559285,Hà Nội: UBND xã Quang Minh (LCS),21.1781,105.729,3703,295687.0,28489,2160125.5
32497691894129504813496914814,Hà Nội: Nhà bảo vệ UBND xã Phúc Thịnh (LCS),21.1775,105.839,4353,572131.9,41322,4225099.7
32497713513553527537986241519,"Hải Phòng: Cổng bảo vệ trường tiểu học Tử Lạc, phường Nhị Chiểu (LCS)",21.0337,106.597,4214,309359.2,39472,2716236.6
32496578935958505757412009876,Hưng Yên: Cổng bảo vệ xã Phạm Ngũ Lão (trụ sở cũ xã Phù Ủng) (LCS),20.892,106.137,5343,323418.3,30999,2412953.4
32496590242207758224773467210,Hải Phòng:  Địa điểm 2 của công an phường Phạm Sư Mạnh (LCS),21.0104,106.528,4692,428206.5,33397,2635531.9
32496618056220078954907439411,Hưng Yên: Nhà văn hoá thôn Lường xã Thượng Hồng (LCS),20.9178,106.121,3489,563109.0,36561,3097212.9
32496621120052989448308754893,"Lạng Sơn: Cột điện đối diện nhà văn hóa khu Pha Lác, xã Chi Lăng (LCS)",21.5761,106.503,1847,148198.8,6162,465341.8
32496634971884394546566271369,"Hải Phòng: Trạm thủy văn Do Nghi, phường Nam Triệu (LCS)",20.9378,106.764,3867,378174.8,27180,2080253.5
32496670530460480527200245359,Hải Phòng: Phòng kinh tế môi trường - Ủy ban phường Bạch Đằng (LCS),20.9562,106.745,7094,501439.3,27817,2111536.9
32496674426906599552653261962,Hải Phòng: Cổng bảo vệ trường mầm non Tam Hưng- phường Nam Triệu (LCS),20.9399,106.75,3800,314214.4,38620,2719201.8
32496700750804852782040219324,Hải Phòng: ủy ban phường Phạm Sư Mạnh (LCS),21.0062,106.533,6379,502373.3,35587,2923056.9
32497682375609562779368280919,Hải Phòng: Phòng bảo vệ trường mầm non Gia Đức- phường Bạch Đằng (LCS),20.9867,106.739,3736,199892.2,11103,741656.5
32497816774243732691318562431,"Lạng Sơn: Tường phía sau lưng nhà văn hóa khu Trung Thịnh, xã Chi Lăng (LCS)",21.5581,106.481,1686,114701.1,6366,479058.6
32497825983352144945122444532,"Ninh Bình: Cổng bảo vệ trạm bơm Hoành Uyển, phường Hà Nam (LCS)",20.6748,105.899,2658,183958.4,19812,1813134.9
32497829304160538258698536470,Ninh Bình: UBND Phường Hà Nam (LCS),20.5831,105.928,3021,190507.2,21368,1522069.1
32497832479169427549528529636,Ninh Bình: Đảng ủy - HĐND phường Hà Nam (LCS),20.5535,105.934,2813,176639.3,43280,3052215.3
32497834813217474579076019998,Ninh Bình: Trung tâm Hành chính công Phường Đồng Văn (LCS),20.6415,105.902,4030,287576.7,33875,3400339.3
32497839438874550478493036568,"Thái Nguyên: Trạm quan trắc nước tại đập Ba Đa, phường Cam Giá (LCS)",21.5683,105.847,3269,462921.7,36228,4179956.0
32497845274199713703151904970,Thái Nguyên: UBND Phường Gia Sàng (LCS),21.554,105.842,4501,494229.4,26916,3061021.6
US_EMBASSY_HAN,US Embassy Hanoi - 7 Láng Hạ Ba Đình,21.0219,105.8188,17132,1132423.4,160297,10286070.6
US_CONSULATE_HCM,US Consulate HCMC - 4 Lê Duẩn District 1,10.7769,106.7009,6429,814224.8,139450,8316608.0
